RECORD_NUMBER,ACCOUNT_NUMBER,ACCOUNT_TYPE,ACCOUNT_CUSTOMER_ID,ACCOUNT_LIMIT,ACCOUNT_OPEN_DATE,ACCOUNT_BALANCE
1,n7QzRQALC4TttXEn7S7Pvm4C/Z52jyqt0/jOuanfcXA=,23,1,4205.75,2023-02-23,yGvmbJCgPvFhAWDyqNRSHA==
2,n99Jkvzfc0yieK5XlgzjiNhLuRGVmSYSX+LwHNrSjlI=,1,2,1.45,2024-08-08,lI/p6WvnneDDtLdzIqsSrQ==
3,tfr4cGr4J+XWGCRe+olfXEvAhasIhAswAQJQZ1IoCZA=,3,3,2102.35,2021-04-12,YsF1PcLdNBf9f7TIYkz8yA==
4,SMOu1ht8Nr2ko+QGE9GhkMNic1EXfAgDPinoPkbpSpE=,3,4,3350.59,2020-10-08,uIU03peB8AUzsb0NL77Z1A==
5,+8VCJls6muAE9CskTjwSs0BIZB30QJmKYWAqNzS1JQY=,1,5,809.85,2022-01-18,0X7hhv2SCcJnpUtj/S4UZQ==
6,xVwpTZlJO5N0+4/RxQgOuhxhvq5I7qtSoyXlK/5zXdI=,1,6,787.02,2022-02-24,bbm7V7o4wPg2XJE+c/Lb+w==
7,Ir/hTKo/33BJhpBWWgt4Jy7LMtpSdvwHTSuNChMimHA=,1,7,3219.47,2022-06-21,+rMXWdvGw2y+vO+bOIgpiA==
8,JhxJT92TPZCG2bXrqQjVDX8lhjJpOInCtHkhji0A1jA=,1,8,3399.54,2020-01-03,itK/gzI7LD/m5/b/G56y0A==
9,ozcPZAA8EuL96M8spLjkwCcjOUY97C7f9D+fn4pQ2uo=,3,9,3717.65,2022-12-12,85ksHfjTeY29Eo6TgLo0fw==
10,D7j8bZJdojhtz93sj1e6ol8CqW9fvW5FCOyaq3DsnHE=,3,10,3499.67,2023-06-08,jbG4hEOT8bjLy1tlnhQwaA==
11,gVIf/3cJuHVLHcm/ZfgvU93SPKeZcKB2plGLEoGSskA=,1,11,1351.86,2022-12-15,ZdlRZWoXtbtXvkHF07+BUA==
12,VRKwN4+lGhqhLd7aa7L71dvHp3oYZfncie6SA+ENKKw=,3,12,1758.54,2020-06-20,AMnME9QJ3CCK8vlFLODETg==
13,ff7aw+F2ujOS05oLuJuCU/UjqgZNT1VjNUg3ARxlkX4=,3,13,2029.33,2024-06-01,nKZXKN6lB/9F80W+Wi1TWw==
14,osFYhkRlNpk0Ku6wlmEBHp3gsgEoHatc6fQMFbES3Lc=,1,14,3222.65,2023-10-20,Ee5zY+OfCrI24GpCTs1+vQ==
15,s8GXUR7lmngp8jvbxYNb0VNqPn9/zOICScfrwyQ7zmw=,1,15,2370.56,2021-12-07,Go0wWw90Ov2C1jykrjF3lg==
16,eEvXcsQjJAFji441jFdJ3QoZTELIdLUKAeFeuZkh8gU=,2,16,4526.79,2023-10-17,gAvCBky30pEyciMzdhxTxg==
17,HoivTwbIWI4IceSXPHc0lYV1xUis2KFtU8K3UbtcGyk=,3,17,4700.48,2020-09-25,7ETIR7qwiyJYXCUquDh+xQ==
18,HKEgOJp9DwUQV2ISVBul5CEvGeEBl6+oay8ro/aBOPM=,3,18,3071.39,2021-07-04,WBp7UMuxl68IQORikXLMyQ==
19,jNyQn5kbPH96x6WqHWrSdp4Ce4cok+npnZQUhiZYfNo=,1,19,1426.89,2022-10-02,RwPU59BdkjRm0Rb/e+5eeA==
20,h5jr46GOPKYVjX2T9pBaMSXCJcmaUXJy9iJkl/y9vZ4=,2,20,2757.63,2022-06-22,N5dakTg+8rEs9LAlIcRzAA==
21,CeDVMOwnb4qKyPQt0nBdXslQRgOsRS3ldI0wh5MzcUE=,3,21,3742.72,2021-01-14,+Pw1huKep7QFH5c13NcjkA==
22,ldoMc8io3mEzLRxsaxpaEhvOhNQXHoZvgaLkLjK0JiQ=,2,22,1038.2,2024-01-06,qSDFR6altzg6kXfsCtfB9A==
23,r0sFQvS57EkvvNE7nBrsWP9CQ0WKjHaTyCjqnyFCB+Q=,1,23,2036.14,2024-02-12,liD61VIdjv1ngq/JKkyD2g==
24,PMlo9TPlHH6OI2rqG2jNLkMG74FHxDrij1/oxXOyHPE=,3,24,1927.13,2022-09-25,X1WOJ2SMgnRyu9SW0Ysm/A==
25,HYMMbp4iJXtpLL782qcwayWuh1sNf3oWmVuOevpMrHE=,1,25,2883.26,2022-05-21,FtdsXraHB5p65A5hwfWhKw==
26,r5KiOKADJBclQ0BAPCin2Y6Tu9N3ilZjCbINZLcPvxo=,1,26,2475.5,2024-10-06,mkJzXzgAUBrBjeW7t7G/aw==
27,2lzpIQAs868Vsebg7kB+2qwmM4IQEj74fmrKU/9mV2I=,2,27,4769.96,2024-04-04,9BTm8ee9AKMGoN/n1jgWnA==
28,dB41DUKQ1+jmkcEDw0K52MX5zVwrnZ4bPADp0wkNK70=,2,28,3907.42,2024-09-21,qcdbaRPFoEGh8guRRiFX3g==
29,QBKenTvgZvNt36eo+EuyH1ZJaKxqnngT9mFK+tAwj8w=,3,29,3332.8,2023-02-21,7Ge28GTq8uMPjA2LE44Jgw==
30,pTVvTRfAXCPKpfikwWHJckXzkpQE4Ai5KitQrDwufUk=,2,30,1028.43,2022-06-27,KHr+VZjKMAA3izVurvC4yQ==
31,mwH+7T/bEa+VGf/FKiO8Oe6GGX4rCMCLgAmsevQAqp4=,3,31,2083.75,2024-09-14,5srF3O402qj1yb/eKwCbpQ==
32,tzMRUdm+F22rq0CLuk1U6KF4A6HYEln7S1y4yybYlv4=,1,32,3140.72,2022-11-04,lumXYHp58OqdNza+cvTVNg==
33,wkRDlTCugRF5te0W77shrCcGPdqICJ22ahrrPhrbkJA=,3,33,574.66,2021-05-04,V32XvhIYe+KvPorEmoIteQ==
34,0upWfUOwPQsac4BDQvsKcYBkeyam28gETBtuBoPyaFQ=,3,34,2542.95,2022-12-05,JZv3SlyWhuE2rytX6D/lbg==
35,4W5LBh851KOS4A+scglHYB6sv7P5cta+kuQYq8wCRz4=,1,35,519.95,2022-02-08,cF8U/J8g0WMaGUSVd5Km5g==
36,31UxOhZxG4MMELE6DZZz5U35Yf6B7a66iflFHou/CE0=,3,36,4398.56,2022-09-13,0VqY7N5YfcLdXnkENpk6zg==
37,bdJ41FLWjMdmsBLVvqb49sxKGJrBWFMkGpet7858M5A=,3,37,3875.66,2023-10-23,7Xawg6HqYwAZave975REnA==
38,xu0AGSdmQjIgZiVlJsGLBaX0sO67utXPaHWyAWVoHM4=,1,38,4856.38,2023-10-23,rEz6OqZc/uEkfdyYCtfJRA==
39,IRJ+Z90MOvgZPDrdXrJz3MB+//N1A6FHQXmrUiWh13w=,1,39,2939.98,2020-12-16,5iiItknsj+JJoQ17UxP/Ng==
40,EacvPrlD/ezvE8TAV3Nq9+Wob4d2b3WTLI+PfAG5x/M=,3,40,735.76,2024-03-05,AYfaMfmdpNo90sfzpA5j7Q==
41,Ve+3b+MTGnUjof8tCktWvU9TEuwo7Pho9Fd5dhyBtoI=,3,41,4506.6,2021-02-24,mBuPz3x5zfO+yZGgMr8K0A==
42,/rWymJgDMvnaeBNXcggB5QOENZLKgg222xLN50VX0Fk=,2,42,1158.37,2023-07-11,T77yDJE+JHix5U2/Zsg/nw==
43,UU+6M8YzMK7HZ073QgndaW9EAUgkysDTmhdTsGHeMxs=,2,43,2453.78,2023-03-04,U4Kcz6ks+ah2Q9OZzPi2gA==
44,0y7Vld9f7IESa9eAAtEk8TgtRx57j2u3u1yV8JjbdOM=,1,44,3226.83,2020-05-05,/b9kRnJNYgH3j0Tq9Q4qHA==
45,K/IuoyOIpZo5hrGmGXVi08e01wmxO20PsuC8E+J40Lg=,3,45,4037.36,2020-12-26,wqsw27vI1UjEM990h1Dj1A==
46,czppzTJ1I2haGOQk2U9y0it3b5eAi3LnkxYnJaIthK8=,3,46,2187.03,2022-01-27,A+TFvEW9yxj0MC2GiQehnQ==
47,WHDWpdpJ8Qj+WIgHEuZ53SDyf6gnw6vEzl42y5yxQ7k=,3,47,4305.76,2022-03-27,nIsMGHLJUPihyfvai8lVEg==
48,gszSNYtRe+NvSmW+UoVHD+LJWTHDufLYjnlNM+eKNQs=,3,48,1390.53,2022-02-01,7y/SeSwkKOOnU1dES6NL4Q==
49,iov10chb9Z87SGSnEJMP2dG0Z06bhG3vODQNU5Mne/0=,2,49,1286.92,2021-01-08,kJgQwVhjB8d+H50r7fEW/w==
50,DrnSZzT1fKk6bE/lm/0mDqeaZ3YUHSAm/tKk6mJwZHI=,2,50,1845.67,2024-05-18,DTPlvuHJRArztSqdMgbTbg==
51,uoyKivqzaqyO7pJPZSZAozYoCqXwO6d8vVC9okbryGw=,1,51,2568.66,2021-04-07,1kFmuQu5Of8mmyLRD9BXnQ==
52,MENOK58QsWb3pfqFDWxHVeHemD+l3dKQPUzIe6Lm2Rw=,3,52,3240.95,2023-02-20,5zlruzEtWS4dffhWZ9aaVQ==
53,QmMCOKJ2YSjyl++8VVdIAU8dmiVMqgMldSH9yusWlhM=,2,53,1363.14,2021-08-16,48DOps+tY4U/2Y71225VqQ==
54,bjEza0dnwNyP6kweX1E5raSP1JGpQgGUQGvdOrrXrWU=,3,54,2077.32,2021-06-29,EHF4mCMLAPlFg1s02c0lyw==
55,JyVjbYN4C4qbozfVurWABAAkPs7WFF/vy+yTxyCpPo8=,1,55,2910.41,2020-03-29,jl/hxUwFSGoE36ZTkMSwMg==
56,p80+OuKA+u5hRqxrBsMjSCoeGCOSgSLP8tXfCfJ7nvk=,1,56,1578.11,2023-03-21,q375XVe6PVfpwggz9tyJkQ==
57,m2PyKiAwPDG1QrcrZ3VApOnls6lm/xyJi8xncngUGCo=,2,57,508.61,2021-05-02,U9CjA8P4xe5SJ9TPLASGRA==
58,e+xE0LUC6hQm3zNqpndkKbY15JgnPyG/ER2phs/OSpE=,3,58,3350.66,2022-01-09,fH1zCFpb3grJDeZwMDrj1A==
59,UEVJjeeLIf0WzUPpANWOs4x5WYjWgTJWrlovqm/bGnc=,2,59,930.78,2024-07-01,PmtSH9KHHmcBXHd0Q7W+IQ==
60,gX2+bhWg+4UZxKO3jKanu/LaaafC83Bw4sjxDtILXYs=,2,60,809.73,2020-04-02,wNjpeWyLFwiLsFzdzEwYTw==
61,8CNduHjJ7OlOv4LWBELwMLRYllwNs11TfnwDcoNH9h4=,3,61,3541.94,2020-07-18,VLLog/RoPjto+jlRm2PI+Q==
62,w9V1c8b/iB8NK1r6YFy1uwxVDrUyKxscb7qqmj1LSco=,3,62,3491.74,2024-02-03,sHI5p4GVgOr4R5lipCCQAQ==
63,iBqK/Wwu1gjREIFchUDnlB5IBf8rTD3lhpkdjfaSy+I=,2,63,4890.56,2024-08-09,jDs0pUBp4aNAtpD0xPv+Ww==
64,HwW+F7wuBtS2urPRO9IRWPujZzC/S59N4xBuBd1wRp8=,2,64,3658.39,2020-10-30,utRejVxzILBO5EBFtlHqEg==
65,p9NCG5Hb4kjlM4T8bRZTgxOrMX4em0EOHi4d5Buo5Dc=,2,65,3979.17,2023-07-02,rVFgdhsZAflM96mwI4+aOQ==
66,tg8oWgV+ZU6EG4hSldLoPjntABUQ6zXOYsWRDpNWYXU=,1,66,3078.96,2024-05-20,4xbkO8ju3KVxsLOTMGhbYA==
67,wSqaT0qBvAsC88mr3542ZT25K+6Q2VmvI5/L4RGbW9k=,2,67,3501.1,2024-02-21,X+eVSmtSfFos8+f8/RG2qQ==
68,lIIvonbQIXe8nb8gsIJCaDkAcC2RZPHlwlTgXHXTvEk=,2,68,4462.78,2023-09-16,So9u0sNbFFJISihRmeVA4A==
69,yaT49DUWB3CCe6ItMzucHQDSD5ggfmHRSptNPqLYqkQ=,2,69,1736.12,2023-09-20,Tn4FfpjkxPwmfkYF2CUbPw==
70,HzO+KuxqTn2wchxl9WNnQyW0o+0FPjsj17VDIyWpiao=,1,70,1324.87,2021-11-25,onrh9il4JGHMC1/2x0xZIw==
71,9RpblMpSEPDaHms8ikqjkngv/79HsnDXFHbk1Dto5ws=,1,71,1143.91,2020-04-05,mlsqy3XlphZSlabC9YOJ+w==
72,eTyJ+QiDHMcPnwvOiKhEQOWeBeqPLGQRIUiEQwDpDS4=,2,72,4011.37,2021-08-22,kgxie/CVqB+URzgd2yGT3Q==
73,NZZO6scmPPP18+yhmxzrXheuIbZub8ki97aw7wK1fvY=,1,73,4887.21,2020-03-18,i67YyOodM4Y3jtr7APp+GQ==
74,N99pNJY2yQRiOEeOgvxfVswdRJY/eO4y3DoE1OkYU5M=,1,74,3351.71,2020-12-11,p79Eb8zZe/U241MPDGc8bw==
75,lgChIBwVrWJtLpl8HtYtpNUXqswWXW9a0TRso0clsO8=,3,75,721.91,2022-02-24,ysEcHyXD8NPQQVS28DaAvw==
76,G1/SrWa1g5nXd0xSshju4TAgStU3lYUyzvpgTvtS4QY=,1,76,3228.79,2021-10-23,V8iutGyKderNOQ2RJUUsDg==
77,FsR1bote6ZiVBhmSusNVVMs7xZ5KwS0g02iVkVW16ZA=,1,77,769.76,2020-05-05,S7jFTZUyAIRR6h/Q1Axj6A==
78,ZQuOB8OhyG3TSfLyLx/WNNn/IiMIE7Qz1BckzfmLFd0=,1,78,4959.8,2021-09-27,na6z0srBbZZ9lFIB+vHzjw==
79,2+mrsosYSCUNFbI2gNxP8nDjNg8YdauFo98GikAO9Ys=,1,79,3776.9,2024-07-08,weBZHJeah+x1qv1/njBymA==
80,8ubi0W1nRGOUQQJ6NQ9gk0y7gRGSG2y9hvrg3q/Qj6g=,3,80,1588.29,2020-07-05,hOgWbfoI7xBNns/llj+gFg==
81,ThENRT12idTYyKpxz7KV6JzJ7yMXPUOlXeeFoHQIlnM=,3,81,1512.62,2021-10-07,4n0jVCdREKY85MEcZp2k1w==
82,1n8kxkCbBKw2o8kXQl740DFTnWy+c5AclcKXL5/kmm8=,2,82,973.21,2021-11-03,Zz/oU1UvWNxc3nROFgAN8w==
83,qxHEhyWgIXOBemex80MnEgTOWLo3yXeI5c1x9UCTf0s=,1,83,1433.23,2021-12-19,ZOqTF7LDASN04+0ELoicRw==
84,oRPXgmPn/d5/5e5lYMHWjxaKwB7AKwz7LiP3vmJYaAI=,1,84,3883.1,2024-02-05,iZhY7fBJMdb0a+IGYkq22A==
85,9AmmCVS8JH9yGMhCfFIqCFpNn8eUReNuW1+2e4CG5EE=,1,85,4238.56,2022-02-11,Uyzx38s7HPpfN2oT/TZHwg==
86,/dTb6XQRN0Be9ypNXc9Z5cMVxg71ph3fMZ4FZGxPPS0=,2,86,3555.78,2024-07-27,szHoqJ0ZovfH/pkvLJEIsQ==
87,HhaLuHm6Whuzz37V/NRu8Vs9+mfjEtBl/HOdSh5eDvQ=,3,87,3423.16,2023-10-16,iWcCikki+tFqFbwr9Ze/Bw==
88,TXMIWM77oDglu8OW2nzmdgD0u1hK+P8Q7nH6qfMGWC0=,3,88,4573.03,2020-04-06,XpMbVecnhc4BmUFfKfpdIw==
89,wsg8U8T2Lw58qHBS1AMwlHH/HejLtD6SPakJnU8F6SU=,1,89,2147.59,2024-02-19,cHVKqrFbhNCZKoyaiDwNag==
90,JFGSTe7fjmwk3mMvFmZGLmB3wiWy42pQu+8bGILIRM8=,2,90,2052.02,2024-01-01,e9CabwhEbuEXbiedDRcIiQ==
91,QCLRc+K/qxZctVVNKYxbM/81w0c/bGMfiRViNk2satQ=,1,91,3394.23,2022-03-27,90g0RUhgCuYSda/VESPoog==
92,3O9GT62h6bcWbktcr0dLg2rHLzYK+vdi71qd78oKIa0=,2,92,4176.93,2023-04-09,UuNWAcbwZQ3R1NBPqum8qQ==
93,3JDyKEfhPTSVb4Gave2Gkhx8MHrdJvmxRASoaWsL+eQ=,1,93,2795.05,2021-08-08,Yzj65ezithOt7B3EVPW/Cg==
94,U4PC7yzGpeUIKKUkxZhF/PVE7pmZYFJqg+Bny5hEnCo=,2,94,693.41,2021-07-11,emhlZ203K6vhmX2UBmdn3Q==
95,D5RcDGIXH6uq2Qi8e4l231U2N+uMudPpbO+Akakq1pc=,3,95,2701.34,2021-04-03,ZZBV0SwdaAtXGg1goEq59Q==
96,vYYboFNy+BLwygGsPmB0d2+PU3CpiiQuIkFZb3WuAIk=,1,96,3146.07,2020-10-27,fC7kBR4d1oULZzYFqUENyw==
97,RBT3HqnSvFBIFwF/07opz8G51pkH73PaP+wORgzHUMA=,3,97,984.4,2021-11-06,klDXvOM9UMkJKY3TCO4JWQ==
98,XraqOnJ0ufCMdVYdDmU7jLPjSJ2V/QmQzUfV9es5CQM=,1,98,4897.74,2022-10-04,9hUQfCpv6XJnvD1FuvPN4w==
99,DkpR38LTpNBOl006NNE6XwAdbRrz6pAp6X9lwScTDbY=,2,99,3324.34,2022-09-07,m98fIoWtFnXD02EvTi6Mmg==
100,NctZYQo9yAfJ+H6yL5L4HLJLn5sxSj72qUz7/yrG+is=,1,100,1201.77,2020-09-26,bpMFJhDdmhc8RJ1rWdZQQQ==
101,ewKIrIJXcPZqH+GmiVogrFIHQTYCSUMk6glExCV7gFI=,1,101,2660.89,2022-05-24,jzNzBdxVt+Lliy5lYBg3ZA==
102,CZn0wpkrJvSfWndwODmS6uJ+7aKQy/sD+lzXUUm5k2g=,1,102,1362.56,2020-08-01,0b7ouqZnwb3K1IildKvgcA==
103,hwZrHjY7NtWPAhq+TP3W0EY4bt3A3Bsgef8f75PjUJM=,2,103,1569.72,2024-04-19,aNRjO8PLeCI82RJNVfzo8Q==
104,lx2a51YTefLLR46dlnj6TOhwkr30K0/Ndo+EOqyejDc=,2,104,4476.25,2021-07-30,CFJ/w8cjACNpq3IVMhlRPw==
105,03ha++FnYTdUFn4vaGLglIlkBEQD+FhVze4efc2asRY=,2,105,2966.15,2020-11-01,rtJqcg7gQ1zGhfokyr7H7Q==
106,uZySOQMejWzU9ikdQtHpMVA5AKOdy8FA/a7yk5A/qF8=,1,106,3755.74,2023-09-02,+mQ0QY1MGDiQ01WIYddQfg==
107,sx5N6Hbh6SU2i/0qRfuyVQEkGs4M6Wr2kR+qopcbSH0=,1,107,1243.59,2022-06-04,sgw5dpr6JdQYZChLgxaJ7Q==
108,XSG06jRGapibWbgAzzrD9DOSaNt6pTxx+0RTi+GEohs=,1,108,1795.24,2021-05-11,SuyrTwXaJRKe9E3TqjwHxw==
109,exoIEUfPSIWazwc0NC5JOpp5L2oBCIVS6oZ91q4dZg0=,3,109,4727.01,2024-06-21,UvdgIEzbLx8OIfNDw9QBYQ==
110,0IcRW6TTISrltkpi7pI/uQJZUJ3bEJ8US0V6KlshqX4=,2,110,733.4,2024-06-27,rGRhOx0cVt3g9za3R0vC3g==
111,G2ivyaBlhpkg3tMVksbIl925cpQN06LTfrwCKcz/xaE=,3,111,3396.52,2020-07-04,hWTMxdSekjVj4gnNf9Ke5w==
112,KUCP8mPXMdvi/aPHVRAPwBuZnloB7EpOV0QpYMNjrnQ=,3,112,3335.06,2023-07-02,J09EM8pwRvdOXIbAIzvEXQ==
113,XL/ouKql6OX0TvWS3KagaxL5ooecLXPk4aBiJxqWWUA=,1,113,894.96,2021-05-03,4OGpeyXlg26RTx7hwdiUQg==
114,qxDhp8WuKOGLPUkuS/K0IAmOJiR391JyxUu7TlCdARk=,1,114,4270.93,2021-12-11,NUPS3bAO5c1oilYFg31oXQ==
115,uAQuj/tPpyEfL/M5mvnPzgXxjVsmJKGtEGFOxkvOXZY=,1,115,761.11,2023-07-07,myVEOInuE3gpUHqCgy/xDQ==
116,9Sh0wiTrSVdDr/+EwJCbGO7ZiDT9tGByUAo7QGyhP1c=,2,116,1040.23,2023-01-28,2aBg6F7F8ikfBK4Xr1td2Q==
117,nOFOeOLRDaCopPkg9hIaQpkap7NroI/sYBcIJYaxKj0=,2,117,2167.81,2021-12-29,Ly+hclTxhpuLkAR9LALbZQ==
118,Zok87dYmENEXSPuAYWlBRP+DwU+EdItAcKq04t90xZk=,3,118,2268.95,2020-08-13,T9A0gG3WVcF6RJ76FJ5yRg==
119,oP8Ih2I21NxRQUb5QbmqNPAmtfl/BKS1e+MsyioZLlE=,3,119,2159.0,2024-06-13,7q2Yozx08YAO1CI+6QFPag==
120,bi7s7uAnGJkodL/AXWSX14aieZWyA+5Odwv68ikv020=,1,120,512.67,2024-04-16,PiPsXhK9mP/dp6u3O9+yeg==
121,pgY7hGDIJehxs2kR0ziIgjyLkcVxk9EKdgf928zMRmY=,3,121,1538.63,2020-07-19,pd0zxzJ4eqwPfacaDQEZCw==
122,uCBN4LsROk1MTyJukP6wrAx5pkj7/SwIGjMdCjd6LAg=,3,122,900.57,2020-06-28,0AxxfOCj+dLaw3kNcG811g==
123,etO9k9cJnAkZdWzleLDTrj5rGO1pINIKRLwCsZvvYlU=,1,123,1137.04,2022-05-07,7pNrGZ21tMtB0QGGfEbzHA==
124,HOATOyGabCRgwdaHLRfU5s/Nw2bVrSXMw8Cm+UN8p34=,2,124,1539.87,2024-04-18,lJcD1fw26Saov/2UlBvbUg==
125,/qpu0KPLSOcMb8f8KX8mz83Qxpo8JJ2w9TZWgQbxq4E=,2,125,1864.44,2022-04-19,fhQ0/AOlhiQpya0XVJMtNQ==
126,qC7KNiEATwkmVHw5UL6mXDbym5jNqwd8jd8Cx/g/xEs=,3,126,1294.15,2022-03-01,hFL7jCRJMXlxalP0jBQWAA==
127,M73luzlT4aWg+EfPTTqSC/D7gG0rbd3qOUUkwF0I3yI=,2,127,1258.19,2022-04-10,Yn8Z+cDZrjlGwLkgJVUk0g==
128,HnSbtrb1ScVf0x+nZw2s6VyF2C/aSqAp2+M4OsqmtnA=,2,128,4359.44,2024-01-24,sm/UJF08CbT9jhdns2qo7g==
129,1zBW6Y/5tB0T6fs0w5NqjRWGWZD8uP+P3TDhyWggb00=,1,129,1236.98,2024-03-30,o17kKj0AM1QTEFJQ0IRZ/Q==
130,fYLZx+3F73u/7NtQ5b6y/rHZPTehCKFc1w1aUerJ13Y=,2,130,4851.96,2020-09-15,kcFhEUQMBglZLoPM27LqjQ==
131,XGG/7EvIAVYp4JCIvIhCWCf0D7NKpHSbOWweSD8fu0M=,3,131,2553.91,2021-11-27,TnoICpSbOnFQRl2syoDo9g==
132,KQ6n1IOzCnEuqS7u9yEf9/ljibecFLVmtDzR3r7u3+w=,2,132,1525.98,2022-12-22,vTNQ3YfA0jm9fLBUi8bRng==
133,Xvmuv/T+FipASFjw39tLJbAFy5xo8JvpIiOv1cTslQY=,3,133,4833.38,2024-03-20,M8NUu9FO6AuYcQYtpVskXQ==
134,DqU4fvoSNt8QxrTh7AdGhOaXFXd8brnqJppMqs8SqIY=,3,134,3994.93,2021-05-24,Gmw0nkh8wvBMrG2Z6XHm3w==
135,j1TgQmV4Trw2XidSafH0TxjaTNK6BZAtruGsUlL5LZo=,2,135,3299.9,2024-06-30,HPzYIBPLBqZUmAED8VVnWA==
136,U/bsbrlHUuHpF03V1kEg1h3Nw1Stu0FoHn79sW92Bm4=,3,136,4062.06,2021-10-31,POXUo3TeJz7ItKWitpbMog==
137,z3IuCmUeQOD26KJIHPXyjQgdNtSHoLAGbtX5COM++48=,3,137,4227.63,2022-10-13,zcW3MOXf7Vu4l5KlNvlTng==
138,uRMnMUIo0mlJOC8aW+fv/7aJ3cqdsFqcs2tgV6MuVCk=,1,138,1882.58,2024-07-07,zhB4OMvNxAARFkSmvSGV9A==
139,BP88jV9skp/hnQvmLUWTHxAUASpVoLEV1WNrTB5IR24=,1,139,583.81,2021-07-26,zvwR1syZzpHCIiagfTEBdw==
140,Z5sAxQBYTT7OU9jVT/Dqn8CBjx2S3GWliL8oawS176c=,2,140,793.61,2022-05-25,GkpTlMVh8dnaVdeR2mhjbg==
141,vBzUSkMDULccFDMWTD6elTQ1tlekYVLtRBw8qTkog2M=,3,141,1126.56,2023-02-13,LAixFbxxgwUliCWNe2kwFw==
142,ermgwyImtfWI/JOL9aI3SL+fFoq/eFw7uO0QhckZqP4=,2,142,4234.05,2020-10-14,63tZ1VasrcoP+HJZldDKuw==
143,LKY3JIEJqPqCKOQVHehuzen2Gm/uU9lincyO0SzQuWQ=,2,143,2367.12,2020-12-27,MRK3361YMiljgAlTzSdngw==
144,304Cpaftw6J4Qd0pKE+3FBXGpvMBeeFkfqlFHt5pfQc=,2,144,1922.93,2023-06-20,LzqXfTPzShyZrpZgbGbCXQ==
145,lHvKULeRxpadAGC8LmIU0oxT1up+hHCX1SnLLz1w6aM=,3,145,4443.48,2023-02-28,K3MDkDyY9gI7Rezf1OuEOg==
146,kUCmjK8Fn2unxMoCyoJcFl6lSirD9ZfFnYrvUQxeE4M=,1,146,1906.15,2023-07-14,MfS28Q8C66myyvCtm3kunQ==
147,9Oe54i6X0mzV3CU1xU9X1u53r0yuiL4iLu7TNbqsULc=,3,147,2251.68,2020-10-19,8oTsjPslIpZu8m55M1TTwA==
148,/pkDUZEe8aqIVdMfQJZPt15bs2WezOVqe4mb04Y/Tj8=,1,148,2825.82,2024-09-17,vdrqLHC8Y2/LyaK1llcCwA==
149,yudR9awuM930ho6Nl/sh/wPEudAbPraES3EZoSMo60Q=,1,149,3449.23,2023-02-01,DdhY++qJCXDo+2/xqsSRFQ==
150,Zt7f7+VLU71cXG7OGgrTrQW1fvXxwRDAN7094lh5pb4=,3,150,2474.08,2023-10-30,WjtR9PJT/oe51U+uL68bMw==
151,33xil/AZralajixwY7GdBSecXIbMwJm4nCe/WF7B4z0=,3,151,3209.08,2024-04-10,Cwl0H2D9DrHuhr5BE4O2iQ==
152,8VeVZ7xYMtfyRZUUL0V2lyqVeoWnY1dq+HAxc9ylYFw=,2,152,2175.6,2023-03-18,cknCJkTCVSRzlQFNxh3kOw==
153,dqEqTDXxd2BoxXdsVvfnEdVuAB4sjQnh920iAM0Sfuk=,1,153,2361.79,2024-03-28,dME5D7bo3eI1XQPR5JtJnQ==
154,R3PtfbpwXT77BfNzeDY8kGafds4PLUYI3cR4cWFDZjU=,3,154,2428.48,2023-04-20,gNpiOHHJVJ86YQ/Sgdmd+w==
155,HTI+ITL8G/zTwG7Yp/Aw0TptpIMZy/+vq5wnZ47udqI=,3,155,4182.81,2023-09-03,S5DWm5j8cGDR0XMXUpigHQ==
156,LCFdsJ/CzRXG4O9oHbXP5v8VvkI3E1F1mYDMLZNR06w=,2,156,2237.9,2021-05-15,RZmFHCUF2pODovlA10YYTA==
157,FX/9FqMhn1CByGOksa21LYiGYrQRfDaFEnPmYfRZtdk=,1,157,1549.79,2022-08-29,ItKTC1SEIcqppkpZmZkIIg==
158,escqRXHwVDy+F3Vey07m+/gjfu0uXtyYKtd2tkTM800=,2,158,2588.98,2024-04-21,50ePsn1NuwtGAM7xlc44Cg==
159,BWGmeTe7GM9F17JKPD/oxftoD6NhuOzimzObjcwjFOI=,2,159,1078.32,2021-11-20,5hmhuVrYfGDhmQMVHLEz6g==
160,QYToKLJMPIItXTxvrSwW9HnfAckRlCTIcJTvB/JqtCg=,2,160,4349.71,2021-12-22,Du+RSuBGkpkRWA2YSgniKw==
161,cmcfunL8gwQN0wcIax3ZuZidghSFZYly8FG7S4ih3yI=,3,161,1943.09,2022-01-17,kHlnOsN5YfTVMlikWNeoug==
162,6NDpHXDsxs4+4wE4IUnbvGwbDG/08GEXkzeMzzv6GYI=,3,162,3043.03,2023-08-16,5BtmQoToD2AIn1+cRoYpgQ==
163,i4mj03jgT81caSjHJ5+qMJxU0dtSkiLPAivkLxm1D5I=,2,163,1484.98,2020-01-10,pPfWQC2tHeFgJCadO7nfZg==
164,AvNiz6Zkguutf5Hi49Wk5WjShveIzpexAmCqYMjQrLw=,3,164,3649.54,2023-05-23,OmrOPsPCZaNV38IgRxQ1KQ==
165,+4D2FZuoLMgWGTMuGzNIwSUkTax4/Kd/ZFJrlC9EyCo=,2,165,3463.17,2022-08-30,te2bqtjp5d8KkBsdoq/OQA==
166,dW8WqNa+Z/7+rZiia5dey7V67mLMTEQtlFjcBc4v1ro=,1,166,863.86,2024-07-05,Fi6xSosz26/grq2OmTiJ8Q==
167,m+wy0Vjxv6HviQ7nIz/J4aQ2+s2rOLmsWzQLm83xcFA=,2,167,2381.76,2024-02-27,G6Une4tGvmwc4fijU1+yyg==
168,VLsGoH22M15b24UXKZRU6O6C1pGrFm/nFjv+ca6cQtE=,1,168,4118.41,2022-08-26,YaZaM08PfuhOsljKGb0POA==
169,v5iDgU+Ll+dy2xZKQ2J1mGDT2yD/P4qaySWkz4clVvE=,1,169,2691.47,2020-10-24,WFaPSYlVaHvzvVlJMlY+6w==
170,sbUBL0szdH8pdoTaXQ0VfPSYADYf+j22vosmnfbMXJo=,2,170,601.75,2022-09-16,Z/ZScFAIEAqCY7QhiZuC6A==
171,K1GbWNym4EKesqniIR/z4HYhCygTD6rXYhnqI+MOz6w=,1,171,2902.69,2022-05-30,b7diKE5voWoHtS/zbHLqiA==
172,Xvh+/cvhOj7ljBLrfkczfkXmrCXQ0Js1TQYHGJL7YIU=,1,172,1293.89,2021-12-18,c3fys4Q1eoariCipK8aLoQ==
173,AdAz0RQkGcZUP6Hq9kojOL9pI2e4jUAKTqMYJIRLFZ0=,3,173,1124.18,2024-01-31,esBkNGxpM3p0FiKFCRjyzw==
174,PnDmWjlkjpKE5HDqJ4XluOnKerbZDTl1Wfcz4y2qy+k=,1,174,3420.81,2022-01-24,UDhswkbdFva6KNwmDZP6jA==
175,4xX+LSJTo9oaY4shj8qZwTEFGKy/HJl0bAlCb2xzqs4=,3,175,3275.34,2024-06-29,gTafGOhNKzM5My2VwDglRg==
176,+xDlcd7LV5royHXhpfgzn1x5g8aZtRPMsFpQBalJyCI=,3,176,3416.32,2021-01-17,17MorPhL1YRrDhNSFF0+cw==
177,y6ONi1zG+mV88+QX165fFz/pqvfRYZnq7xrHQHfz8So=,2,177,1809.91,2023-10-20,LqS9kHYjLD7HFI5fhUP5bQ==
178,yRQOhym2j4gAgtDY5Q/D2b2z8053vTGBu1CnNTa/+BM=,2,178,4002.12,2022-03-10,jtFul73ve3E4OpvRqY29TA==
179,uMyBSrK4MHQeS8b42+SKuEQqFMp6343j9urJRc4I1b4=,1,179,1157.27,2021-10-26,YEsIjTZqGSzcAKFsixTQnw==
180,kGdvT3u/ph66ZYPuE8zdLozfZsorfd5aNeUZ2h4pG6U=,3,180,3408.6,2024-01-06,Nwh6nW/geeu8LebGSzpXVw==
181,LGlFA/MANml6XXomR2hFYSKOaFP2JawDyGsQIBUWyAY=,1,181,1570.37,2020-03-02,/JYFlSUCepHrTS4Fy6w5Eg==
182,ql1GMtnAkI3rEVfHUfWxxJyCyNofdeeT5bPSSbsOB7g=,1,182,4840.06,2020-06-18,a0jcd9qXwVpIXAZfrdXyag==
183,FXstsSDWGEA+Gshv3JZsjstCPYjKys+HErLE0G1Z0SM=,1,183,1260.93,2024-06-18,8Ky3VuMchDzZx/IdOlRSNw==
184,hmpdC99Rg22yENackhsKWZ06qT5vr0UaN8a+zkrkTSc=,3,184,4931.7,2021-11-14,149t2YXGwwjoK8u7lrGoaA==
185,SC9GVdoBGpYehr7CCEQOjAfa2cHdUyehPMWFSqJPaFo=,3,185,2386.13,2024-09-13,s/KLDtf85y0dYdK0OfNZ9w==
186,q7CKVkUI3CzOBxfxOetc+FxsU7777TJqgKTncHYRnlk=,2,186,1407.73,2022-02-12,oMyQUBJlMznHB1wN+qmKcA==
187,tS63JkYw+Fo2IK3rIL8by8yFMDQlvZakWqqddn+EsAA=,3,187,2349.81,2020-04-12,G8PYgKlQok/fCNw/PdlSQg==
188,oiShU+D3WkVWWyU2NLHJQwYDE6akEeJq2IevYJSFtCA=,1,188,2458.75,2021-10-12,r5xahz45m2qDHedN9B9jpA==
189,EjC/FmYceNNgb5djeIX+i8c8e6baxdsmf2hcAT70grA=,1,189,3479.22,2020-03-31,lzHguGDkWc3VNo1W075SEQ==
190,SB/0TfodTinHqlZMRwY4bR3VvAXCfMLJLRREKjX66sE=,3,190,4982.49,2020-11-28,2o74yWT1og1EyGCkjlI7dw==
191,X6OMWcqcPiV3fWxSX/rFXOVUMj6U3FlcsmrcReNzINg=,2,191,2843.09,2024-10-01,zrItXvBYPdpcTlM7uss2Hw==
192,znA13atC+2UJqnxGg1kCGYX0Hc0ttQ7tPSuuTfiTF2g=,2,192,4296.48,2020-05-09,C7gW4nzinwykOOqWl0hFUA==
193,OOobHNYyhv0DNZR5eoVwpcqZab0KKMFca09cJI2J6JE=,1,193,3193.09,2022-10-12,9by5QOfmkxmSniJeDpThvA==
194,HwBAzWHd+oq+z4uA2O7Nj7T02+n3bPZKXWBx42trSQk=,2,194,3565.94,2024-06-11,HaE5dnfeRaCsUVYLsFwHLA==
195,0SYZcZ1ZX7y0hgCAmTB8ilafHlsiqz7BAh3ZUXmbjmE=,3,195,863.21,2024-03-20,BDkKGZcB3SopqAcTdbSiSA==
196,HjtcEsIEvc0dhbWK05PLQwIt6UuP/PDiT7hL5/KS+KM=,2,196,2413.71,2023-12-20,fXN98NEglcw7WyiL0NeItA==
197,JhDt1yx58fi0P9CDamX4164LJbAKzuAVxklqHLRVHQA=,1,197,1559.49,2020-12-07,MCSSR+YcVaCcyOU8Uv6gFw==
198,A4L/3p4NuQSUqeiXBFwy2xaMhGgi3aCia7SJNkpavOc=,1,198,2869.13,2023-05-25,/b3eT5rinpgNpvH7h7fXIQ==
199,X9mzG7r4yRKQNVXusZOgcZbgdIhe6VS0IGShAcasV1g=,3,199,730.56,2023-11-30,9czVo12ZiYCKM1iWbM5ksw==
200,09UMkqZ7/f0vhlFiuIWugKwK3MS032CmiziSHLd5BwE=,2,200,945.98,2024-03-29,+8opuJm5tlogG5Qo5xQtOg==
201,6yVr5r2e+nCOPFEdmhjIFNOGq5GyKjd0nU74b2XfgL0=,2,201,3415.92,2022-08-26,d+LJ9Db0aiIoAiin/Uzm7g==
202,EXrCMbDUq99L2vXsy+TPiCMzkO5TXKhLw327ha7fW9M=,3,202,3034.74,2022-05-18,dtZvI/lvOogs0MCA/4xx7A==
203,oy1CtgZzQPjwIWkZZTMZCGFQDU7ErLFP2TUH0/Nwlmk=,3,203,1166.03,2022-03-12,H2EjXL2kaCwczowKRUnkbw==
204,ofVDqegtZ/xSjlwP/N17a2ZtlCIFEtwquMryxg0Mps8=,2,204,907.28,2022-11-20,5iotRvyaYyJAeNApgnT2Iw==
205,MIZWbiX0sHkh93JWP55VtDkHutcKdhvDytFbrEhpxnQ=,3,205,3888.56,2022-06-18,Re7Su/XUEXQxQ6viaUTQ9A==
206,da+wPal6ccvAFsgNtf6eg+DYLABIAbvcrL8/6oGmNPI=,3,206,707.3,2020-06-01,iZ9DBws6R4uT5CuHUdbR1Q==
207,8Y8Qe50PBa/MEdh7SpD/6NWK2110OIcG/sDYfIAmjRw=,1,207,2302.26,2023-10-17,nDInLjjvy14DMBOYHRjk/g==
208,4/hnY/3fzfx7uIMwVpXiOstUtu4h+e6cv91qLpw9Dsk=,2,208,1097.29,2022-09-17,NKASYg69BsdaBRNb51eASw==
209,1HQ37RGb/x4mgDhS8IKcuN73B9EZbYN6I0GN3BP0Sm8=,3,209,2512.19,2020-05-25,DusbouQIdisV2IsYxaPKzA==
210,DksxYkrnetUomG1PxBzRvYtkprAm4QC1JGEW9nzYagE=,2,210,1903.93,2020-04-04,kCJ27iRi28EevJFiHmY67Q==
211,9tLpF+9oVIx+pZZ5Yo9mboPgrCfa0ONJlAoc7uEoNNs=,1,211,2432.56,2022-12-23,9mfExcTybyWSTRbjigtL0Q==
212,UEo/L+fVn1JnH+kjkrdcF1v2KwhFnFai8y6CouYTmoU=,1,212,3275.65,2024-10-16,sH4XT0xj21S6hxtH0uHhIQ==
213,s7ryQSgvy1gkjyJq2vh40vI6TNipGff5nEbTDuFlPmI=,1,213,2303.24,2020-07-26,BfQRKFo8402QUpPHvZ84Dg==
214,r4s/T4cvglH42Aw33ph8hLTd/gFKkltj7+7rPCDV4Pw=,3,214,1054.38,2021-07-02,nAzIviN58t0DEUjbxqoR+Q==
215,CDCBiWCeK4dnhJ7KxYg26WFL7ltHDtMeg2TeXma9cUc=,2,215,4624.23,2021-12-13,R5o6R3EfBVSjgzU8LkmoZw==
216,YVarat3PiTjXw9Wny+cYlPgd5zHbPjeD7U+kIEpWDAw=,2,216,1237.41,2023-09-29,HuJPRPHJY8RH+trOJSQBrw==
217,n/d7uesJXu/6r9qMvSV/jVMUoBk5O74aIx214hYEOaM=,1,217,2501.62,2024-03-15,mKjHLqqATgLGvFKWo2+LIQ==
218,te5p4/I6SLfoTWPkyDcuLPk/D2cOoH3tetHb8VCqAVE=,1,218,2541.67,2023-12-14,wu1MdOEeJorZUcPyyXH2+Q==
219,ejNoH56Ksk+tjlbcgFLuk80S722KqQWwCnKc4YYExqc=,3,219,2647.55,2021-12-12,y/O1VQS8MTjbPXt0O8j8Hw==
220,sMz+zvuht0TYBK3s17MPAarCO/1ti1xGhvRF5+Z696Y=,3,220,3619.13,2020-09-22,nQNBAmo1XcCwafqo2EWvtA==
221,WzHldW1Zoj5p/QnEcEOA9K0R2ORAqaMvF9GNCDe7coo=,1,221,3140.27,2022-08-12,RtICIVpBx3JPqknzWn7Bcg==
222,Orv0uxm3wM2OFrtisQmypxXyeUF366uYkScrJ6YIOhc=,2,222,2826.47,2021-11-09,cjOU9wXBla/0nf+MvXEJUw==
223,xWZXX8JOQFdGs5gn7E5gBQRA+a4aDBwDX2+NLue0Us0=,1,223,3621.67,2021-04-01,iUyyUAJmBmBrH1JDPMTPIw==
224,Irx1LelJ0wzXkYmu0Cr955QGb0+p/nmpyDTsNwSiqCk=,2,224,3106.17,2021-07-27,+BIhrayFUz/7FIu9pXphpg==
225,2BLkHrlitsAaQ7rXewxfi2d+4T8i4W6x4kc46+A0KTY=,1,225,2784.77,2024-06-06,1TCs+l12BjAKACZWUosD4A==
226,QCrbD5qNUmDACWgZtQlGPCiGq3qARoUBhzQHWDEvFKk=,2,226,838.15,2020-04-02,lhzTTxoLZrfOoRWigZh6rg==
227,MI68unsS9FfR0qBpoADHU4AfOHEXkdqRjeF675Zu5/g=,3,227,4877.03,2022-10-30,6uA0xDaRGvPpL5Dw0GSNNw==
228,4qKWeMsrZOeIHOjq5WFacKcN+UEU8CfJVBjCbEYd3m0=,2,228,3387.49,2021-11-16,X3toSHdv2DWdSob8yK2nMA==
229,FB7oxo/y7PIWlToiKtzChHA1t2FyLPXIWn/5+UDitJk=,2,229,3765.38,2020-05-21,eIni+ASnj4dHVRXaUWGpkg==
230,hDPgWLirdeAApe1t0sP2kQXHWnxHFrFvkVchx0KntYw=,1,230,4515.77,2020-12-04,ZV/CmuZcYKOMohH3g9yu9g==
231,PQV6+VL8qgyuR9wbQPJEVNQw0ctb0toYUojwODB/KXU=,1,231,1446.66,2024-03-28,ENq+6dq0yIgG2UtG9Tv69w==
232,DeulXuDHR8vWloZBUHUxGIAaFS7BGPoQ75/wm9Zlfb8=,2,232,1656.89,2023-09-03,K5i2sgREsBHeOJwiWPoaVw==
233,H8VME2NbjxyEpDl3hI5lXtWiB6JVz4iOuqHvmbqiqRQ=,3,233,3572.77,2024-05-26,7xIN2k4f2ygCXuWLIFFI1w==
234,D5hrZS2+tlQvyjabLSeBlb4D6Mwjh4poxTqWpl6kRWU=,3,234,3860.92,2024-06-26,ViOsn5/8NS/6OITKB8ED6g==
235,AT16dC3nOf5AFQxfsfxr2RRblfg/GDrBsH1aDe7t8pg=,2,235,2885.11,2023-10-04,9Oi/LqH8/w81PQgppsQRZA==
236,dBBINJELz3tOgzjT25fBvuOFvHmOW8tWJv33UPw4KhU=,2,236,744.63,2021-08-11,jVFaMDznzGIdtb7AJz3ccA==
237,I26MQ9HSDXTv91PhaUGwGxaNnsvlyJTVGubu3i5X+xg=,2,237,4117.83,2020-02-28,b/467Ta2lxBJIibdpr4h5w==
238,MsqJl1p7PDEw9kjwd9gPUmKMs/wYx5QaUsiOyKoh/Zw=,2,238,3194.35,2020-02-29,PgRGnwp2zjXK0uhPeDCOFg==
239,K8D9d5adp0u1u2iFRMDfVsu7ORQDeO1JgW9TluyNLB8=,1,239,2160.25,2023-12-28,F5x95reImbOQbzvUYvOmzA==
240,ZHtcnVaXfGA/xYYrNqzymdPe9sHWQx0eh8BSz+Xohi4=,2,240,4666.21,2020-08-19,USU1PVYZqe/R9lUSh3l/Ig==
241,q1WoZnI69oVVab7HUlbKmpBSd+QKPGcSUeo76HXBn1k=,3,241,1387.84,2021-08-20,SzapFnRfFMPIfOJb/kAYmA==
242,qO4X7FCc//lNLZL7pC89pCDZeTq3Z8wEBUWzKoNwHDM=,2,242,4559.55,2020-07-27,QdWgliidV+QiHvOq0dq/zA==
243,/3wAdOOG+qL2Ll19labXzE6SS6cL452mqqm0NscKqIY=,2,243,1320.38,2021-04-24,esUADfmFEk3WRKLgSp/ycw==
244,tfiP9nLceIucBU1ivI/Kciv1y136g5ex89nvQt9ckUo=,3,244,4403.6,2022-10-11,zWaMKDNInKzKlRoF8ntNbg==
245,6gOViamrWJcTfVXZEl2TlSuhNQW8/G7M9JkQ3NWkEPE=,3,245,3346.69,2024-04-01,hJyvWEhuLLdZiLN3cNJM4g==
246,AkStnffAlE7QyRvAncidU0vNAxgWpdJrPaAcsIoYn/s=,3,246,1207.34,2023-01-23,vF1BBEGZydEMdHIR0uv/zg==
247,sYoS1JcQE2zn5DNgBKdHFTtUIRyjkhgBBBZRtRtVPXs=,1,247,4667.83,2022-08-28,FJuyWLmuY+d4WlGGJd7qyg==
248,yDaK7BbrY74yIQWwx71ZtGrm+tVskJzZPSNJTVI+Vjg=,3,248,2999.68,2020-04-21,Y1dxEMav5CHnInkga+jwzw==
249,BewCcuXIHhncbd+BaRCWGe1/EjN3x62X9eSIk3vwvmI=,3,249,3138.27,2020-09-25,VVsSwArDqOAavuCQllUK3w==
250,mk05cqFDDNuEX5yTX8b92KlLB0XsptrYDvRgEgl8fsU=,3,250,4028.27,2023-02-12,vwR8MUcmXM2980mlK3Pytw==
251,H6CnRlhvLpnJEySDnLHpyI6bCFM53tg1IA/psncXLXc=,2,251,4552.41,2023-10-18,NL3iOr407ccGuPRABbD6sQ==
252,KBOOu7rPRVZi/sol9uHFxq05IpJZCg0MNUJEmed3cqQ=,2,252,669.87,2022-01-31,yELiYxmBkdyZl9S+8CWckQ==
253,4+nvG0rZjVTOffcfPSbPT883sVrioXFbY3Wa9X1kqw0=,1,253,4487.79,2022-06-08,BAeYDxLEtVdXD8p4IeisdA==
254,4YTRMHzyAYI1t5a7iyIe77J7pPnz1hQK7gkoMXd59DI=,1,254,4162.04,2022-05-01,6TiXYxscTT78ITYgWN8GsQ==
255,gnB5AZnbtvwBfROn35kOOT74rHMW6J6QuvYLgoLNCI0=,1,255,4843.7,2024-02-28,YJ3lMDkq4vkMR9fQ6N5Xdw==
256,WHEGDMji1ZeB7qhzYF70MztXG8zRVRy4dWKGYd2i7r8=,1,256,3439.25,2020-02-19,86eiWO+RUdCjz/RNYYlg1g==
257,l5WuTjmfel2/HyLARDObLlcTdIES/8darCziRUxdMq4=,1,257,2318.98,2020-02-04,bY9O0UTNaip0gCkM/sGmAQ==
258,jA9i7/dDPGvTi7zZ/ttQdbrZhrh4BoYRh2eO4KuK0LQ=,1,258,4505.62,2023-10-11,jJa5uHL3wLA0TByhFyVUqA==
259,dA8CjPU38zfzMht7uB9w2DtN784Aqc+pDRI0YQka1UY=,3,259,2784.44,2020-01-11,w84VCP0alRFFAmFKRwDSzw==
260,Yb3Z7I+8kBIv38qoPnPfWz4fwfCI3RQEVIgeNTPUBmk=,3,260,3761.78,2022-03-26,dbPgZ8r186g+SoIB1jTJhw==
261,1UGbMKdlrLqaaw68mGRZvfbrkyCfM9Z3M73gT7Syu+c=,2,261,1295.71,2023-07-08,sp+/WvKXZMwIC+r2BdPjqA==
262,NYnLC4NQ413es8Tfcol6ydNIxx/TSPSDDJ5Fz9JLRCk=,3,262,1698.92,2021-05-09,4oMsnM594iKNl7CodHVzxw==
263,K/3f6myKEOgH/jVxKwPiUgUqs7CDoW9Z/HKvzrpXYWA=,3,263,4172.35,2020-08-06,yuunwUSaMShKg0ujN45bPg==
264,VdpZIlFkp4DAumAncamoOQnaoQWK47Y/qYMHZyyury0=,1,264,2861.51,2022-04-26,v/n1jONjABIT+3/RUFp/QQ==
265,kffi7vVA6O/W4DdZumVzGmcLMVxdnUXMRsEVBMIJJRw=,2,265,2042.08,2023-10-17,TAgibxupLO4tReP0uWNw0g==
266,6vMYq3M3ceZmaghkRWFmLkm2ggXKd6oDa1gxP5Ez0OY=,3,266,4578.43,2020-10-14,OYfiKct8uVrpgyz1xZwJ5A==
267,bHcsWIcIogmL69mq+9SLCzz813NGXCnijLyxJA3JpgQ=,3,267,2114.7,2023-09-06,2jm53H/IPrbMZUXPTmQMMw==
268,iMVcHNxlRKilyls6BRQaxZtSoDk4+40SXAjl3GsRhFI=,3,268,2740.04,2021-01-05,pUdp5cNihZ3ciNhN5dVAwA==
269,+49JOlywWPuqpDqW3CfFo4ru4pB5rru93hySEhOurps=,2,269,2281.97,2021-06-14,mjcfshUt2jIxdJc6kM08Nw==
270,n7JyIKFvaQgftOucapP9w3vBcb9HgBI/KgAUYo1v69k=,1,270,1218.2,2020-02-05,Xw7wmkKtKC0L4vSaxj/jLQ==
271,RmiSMB1eS7dsi5XNRJj0bwtNQFTiuM41ImXr7ZjCDvY=,1,271,2038.73,2021-08-02,+901YDaAowKqh2yBJGAq7Q==
272,tbdCTEoZ1htHHEoM6rd/TLbI5oMCHIY+t+NiwmO4890=,3,272,2888.0,2021-10-08,fi/myk1YVN9dSpejlWFR6A==
273,/zlnAwQJlpB/ee0J0vFCVQXYS+TUnO0rPFTEvg3Ny7o=,3,273,4611.97,2022-09-17,cFKH08VT1xboBdOPrJD5qg==
274,P+JGAR0wSlXhiY1bqkXi/JQwsto1UB8IZQO+ltOD3mc=,3,274,4141.83,2023-10-27,eNHBkaJ+u38/8l8p8p19Rg==
275,mNZfDC+3gtA7/jUOBN4lT64Mk+G2dbdRsuFrW/O98ko=,1,275,1939.7,2024-06-25,f+u2q5tuFdeId81MaCpokA==
276,k3ycjvYW+rccIIltVlqfoegJGPXwqZkIXo0IAXoZ2F8=,3,276,752.76,2020-05-19,IvW6Brh0x+t0LWqGQFIaKA==
277,woqPw7xfooJHRO3Tqi9qfS16W80lScg8OvqANi/elqE=,3,277,4567.08,2021-09-11,z9CFBaOOflYc2o+gduSXCg==
278,YoIlHlPK0xG2oI/vHC8CFDAGggUyTKVLojMgA98rZQ0=,2,278,2041.64,2021-01-17,dASDU4YP9KPpX60JVcTczQ==
279,DKOaekyIGfng9qO+E0TEolxQ//kpqCzGiGYkca8ChQo=,2,279,779.09,2020-11-22,uzBAC865VgaXK4Lq42YGLw==
280,J4ydcG6PVUFvFArbi+dk7vYAuzNg9Yg1uXY16U4J//s=,1,280,1186.33,2023-05-28,mxdxiqnKfRVtXSv/CnmgNQ==
281,MenNBFvhNG25pAf0nDn0eM+fX73oY/ATyflYV/57LWM=,1,281,4569.59,2023-09-09,O1HUSLPHW0D1vqzc907DZw==
282,7H8KS0iCCG2FdxBprerva+hualC5kV5NygQnVGIO2PA=,1,282,1896.27,2023-11-28,j27JAfT2mLDJ9S69O5CWBw==
283,URASmN7v0+5Aahjj9IB8Y3xZm7BzBtPBvyJaDb+9v6g=,3,283,1512.79,2024-08-23,OsaVPAubWo7h8iYK47+bjw==
284,08nkknaBzBf9zdaLgibAGDGZGnLnG3/Vugt3WoC38Sk=,1,284,813.34,2021-02-21,teG9UE3hPrZKN3PlfXwXbA==
285,CgT0l7jUOub1ZOiRaKyIPFde/Il4TeeRO/uWpte1FkU=,2,285,4791.26,2020-09-24,cWNjyMWlrrFi7PtexqMzcg==
286,6SmTV1Cb7vqATnVVoEUcJ+IErWOO+5AuJAX3IBbVvMg=,3,286,3232.83,2021-07-09,H3OrMJsaC7Lbj3OhGefjWQ==
287,hm4naC9aZr2MjT4dmlFd5iupw5UIwel/5Quv5614Tjg=,2,287,2184.63,2021-03-17,+4u3ssPt/jTnv7YvTa5New==
288,SR//uuVtyoVfN0wQ1im//hK/4JR2fpO/XuXzkQQdvZs=,2,288,512.12,2024-02-16,JhAMBwoiC8/T7UTMhHLSNw==
289,rQNk3q7pVeTkPDCY6JNMrdc0by0Nz1L2lBJ6P6dtLIg=,2,289,3735.39,2020-11-19,6xa9isMfOYw13ONqG1ymsA==
290,wNQdr7cDocDLEGgFYp4SkP1wso965jdc8+LcATN1lW8=,3,290,1724.88,2023-07-27,9FCt7ND+CwcTgQsKJNfqDQ==
291,lYR7y1BMe9krPm1Przz1tl38vyPHANdUZg9AzUQmUA4=,1,291,1028.85,2021-05-13,Nfx2SSjv0KpGRzbjIRe/jg==
292,nk7GnksbB3AQVQl82ON6Q9yOdph2/+aBrFVuuPdOR3A=,2,292,3133.49,2022-11-04,WaeJyOpP+MjaP+afA5M/7w==
293,EAXr2aAeTjn+Qo/HJ1Na1oSkb7/QvGz4aktlunO64rk=,2,293,4783.92,2023-09-16,WNEYxH3fmiTo391w73Do2w==
294,TKG0JRjwl69BvtNOoidegVsNcPp3/lmS43su6XbQZso=,2,294,4364.14,2024-03-25,TAGyEoa108iXgtHLkIUJPQ==
295,sMMZsdGAjyRfDxI1KAUWgc5hXFs0IYLCb+BkbyscaZ4=,2,295,4392.91,2021-07-26,T2jZrnLT3JKdYjT8CPd1Xg==
296,6VK76waEgKTZv4n90t2zR7VLBG3whIDqVwtUoF903+Y=,3,296,3649.23,2023-10-16,QJCORDJEpr7RdSMg4lA49A==
297,29vYtylDeoX7Jv7Q7d9xFzBKxo9EbwlbR/4CBm+3eVo=,3,297,2572.99,2024-10-03,ZwhWduggzeCwWhI1TgqZgQ==
298,bLaAfg8zpSNEXThtWIBkoAX34zi7bFuCnQX+1Upn1Us=,2,298,973.41,2021-06-17,s+tG7JIZ39OKHJtVjU01eA==
299,1uG2EfTz6gBi2eLPlflz55X4z8ft+3OCk32cf3GVUq8=,3,299,3969.51,2023-07-24,1zBfERkTkAOqufl7YU47GQ==
300,kSgG3lY9reoqwAmt6UtNCjKq41XwgeoidtRlk5F4+W0=,1,300,3089.8,2020-10-25,FtU1eIyAi8UmR8gNsP0sNQ==
301,NDwIFHtzmqVXfc4igmzjLvliZEENYXHnFsSlC8MY0eY=,3,301,2818.78,2022-08-20,8+VEpJXnlwkJsA4JyckBBA==
302,6uP78EYsqYBsttD6gWfsMV2DxQvy5fAFhbdJk0JeK8A=,3,302,4724.55,2020-02-12,8yzjtvNtfKIYAXFWafb2kw==
303,8/A0jbdfcFrdlCVvFENCwZNO4reYHwN8nbllpAXmwbI=,2,303,1117.71,2024-05-18,2Dll8N1c3MYHs/Mj1grigg==
304,l8pn0Ky8bwYJ8iA+qpMa3ZBbJoh7lhzuEgbm/yQsjZk=,2,304,2741.06,2020-01-20,oQ/uleEXAioEpY7OWLVlGQ==
305,ZxjwzY+iwZHjNe5qRp2X5kV4d5xPwWLGcYM67vV7ans=,1,305,868.31,2024-09-01,AeT6gBObAo5bUeP6HBGfHg==
306,X9MqWxf3AgUxRLgwTyN9JTNQnf/mcuK46QP+uSPFRHw=,2,306,2080.54,2023-03-14,1XVbcufFFF0bxwVyP7Ln1Q==
307,DDP4fdRdkaOCgGDGcJmBjadO1lRd+DtGOrMEJfHrJBQ=,2,307,1011.59,2024-08-16,FIuCJjJTc0e3ZFwXDOeBcQ==
308,4LMwUOBLKLLT7qxG3hPWemeipGf1TIQmqyBUSQWeipU=,2,308,1895.78,2021-05-12,TIJuCiUUCZhmTRHztVBmgQ==
309,tTbYPEz7hC2cCjNDpDREsIygb3FRrpZ11ghlJxeWMUg=,3,309,929.68,2020-06-23,2tlBSyzAsy5b87+2dDj3ng==
310,NP6UcMWVcu8jrJBFxlCm2HxazNdEkvejP5X55gGR0Lg=,2,310,2936.52,2023-11-27,Q/3wXgbwYI508zxy0Roldw==
311,40x0LkIEBIHRYwuaTAnvFlOWHwOmab+dd50LqBPBITE=,3,311,3626.92,2022-01-15,lc19uG2tC6tEyvyCG2V8yg==
312,UygG4B5cKx8BWUtXfIhdmUyXHEFssI0nPo/SnVmP6YE=,2,312,1443.59,2023-08-01,lGRtN0R0O+reWT6VHqrAJw==
313,6kfhRjuFxfYJuED8gkymK7XEKI4DkBD0MSkub1hB22c=,1,313,2601.94,2021-08-13,ALn8S9AfrHdJDWZjb3Rd+Q==
314,loNvXydt9Yd1rmVwZvjBZJl2uRkh6TdL5DsnHLGzCGY=,2,314,3495.09,2022-07-07,FjI1dmFrN+mPAlhpXF9jRA==
315,CaJRxuptp7vtOiOzOGd8+XLxBak2XCan+M5sNkEiCPo=,2,315,1095.07,2024-06-19,iqpEFDPTiZroFCDZ8nDZcQ==
316,JSKASAzD1ASbRLpWvarVmqS8FALx9FeASnEcE+EcojA=,2,316,2417.49,2021-01-07,95NozBbxnrW2wB+Vu2UYTw==
317,Z2AHkXiGaoDEPELGC1OShv25keHo0pn0pLSmRDXTewE=,1,317,4948.36,2023-11-24,3xGxWr1I7PJ4Ea1HrKQQcw==
318,Faae5T0EndL2NAM/MsYZn7mCFIC+QJwBCZrTpSz+jjw=,1,318,1504.22,2022-11-29,Qci/EnUfYBbx/w45DxqIug==
319,f+Vz1TFOCneJ+92QG+TRj9CtCjcC5OIr2RpDU0N+st0=,1,319,2001.72,2024-05-01,K56m+h6nm7g+/YW5ICHJMA==
320,T9QiUmZqcsNgXQKI1MRanbnqHX0RpoqfLgJDz2qcMv4=,3,320,3607.76,2022-12-11,FMjX1sEj16M+kr7WhwnPbg==
321,XsenIPlVTWLTPvZq6OjOV17ywy2By2/dB5EPejlwTZM=,2,321,2896.75,2022-08-22,PkKzUX6Lxa/nrWnsFDVJtw==
322,Uh5psIrX7HREsH1JUgdIl9LHtnv/+ufzKurm52eH9/E=,2,322,2551.95,2021-12-24,hbJyjGorLrQ7YjEtPwXvIA==
323,HjtQ8gtXfKToV3wX25cbGovzlwlvHN4cZ1sz3pymj7U=,1,323,4610.82,2023-04-28,/GoMvbA8Cv5oRzSZsA5dEg==
324,J3BZVVGTYvPcFJCHKR0S8xDC7G8PY9dWF7Dia2tOvsw=,2,324,3317.86,2021-10-09,9KOQnQwOrZ+k3TjvsMU6mg==
325,HCFLJGNqgcnQWNpX1WjNyOW2bgD0AEPf382tvd0x9O4=,1,325,4282.14,2022-07-03,HfKOM4beqqITAJ63yMG5IQ==
326,4+DIfwBwQOQHHXLEB645doZTih2k3OibsNUeJX8sBlI=,1,326,2415.94,2023-11-22,jDyepye4hQeGREAKuJHYhA==
327,fJ3lBxUYs4YXC0mTppr0LHdoIkgec0lG43+NculT+LA=,1,327,4748.93,2021-07-03,bKbjkNqd9BVpMvU5QkE2Fg==
328,TmxSypxVlQnz/qxMvDrZFeUQFzn14LI4soPj9GUjdnw=,2,328,3150.3,2023-02-23,bPlddpFAxoRNl+/IFH1K4A==
329,czD6CAQ1YbhmFVbtEe8CXpwsbxq/REmRLFHlrnstTFQ=,3,329,3567.12,2022-07-11,eAKLI3HJ5Ox1Z9E3i/vkSQ==
330,puOMdiOns/af9QL++28QQbx/77MxRm43tlKkHY3NvW4=,1,330,1652.89,2020-12-26,F5P6/OCK+iJOMlXJn9EOkg==
331,ryGs/JEayuMyNbm9MZcSfnfV8+ewxVM+HnkR359V8k8=,3,331,2451.13,2023-06-17,BVyB//qtw2laofG7x+qzIQ==
332,gePQIhyOukFC/xAF5peHuP6z+of9lqDtGaOkAtFI/qo=,1,332,2083.88,2020-03-28,djZ5OZtOiBTZEN/bI1GxhA==
333,CqZrz2sTx3ZNtwoDEieUeNj75fjxEQXEB74J4YRbbzw=,3,333,1637.87,2021-11-17,JSqAI+CLjaxGorP5+vl6Lg==
334,M+Q81gVHNnWLR0BfDURjfcgoN0mQFVUf0w5VA8I+o0M=,2,334,2138.92,2020-03-03,QHDgGxqbvFd+od9x0l68ww==
335,zAQAGZVsXaY1uYW1NItZQOv8DRT4tmwFAsRiH/z6GB8=,1,335,1281.21,2024-06-25,rQJl9EWP6ZcdOSwfQTDORw==
336,5PggWCOVVs9W4wFCV+9IBxhvJk7PtqV3/Zbb5cXu6NQ=,1,336,1743.81,2022-08-24,jbYevEvj40b3Oi6rzoIQlg==
337,Wp626ikX9CjH/UpkBGz74SbHCAoN2p8uxTBcRiHyDck=,1,337,3481.35,2021-06-02,tZFFPgABgWo+egmrZXiEFg==
338,Kv7PjsLDhqfrctmbfsIIGKDs+rcwHDr2Tmc9pK1HwSQ=,3,338,1715.09,2022-06-09,hHZZ0swczVvX+u1rzfMqxA==
339,w1iN9Zafv8xcQ3AwVNBa6j/QF+sY0euZ0PE2lY1axgA=,1,339,2135.38,2021-12-02,zuWWeW2eL9+QSaGYjKYLCQ==
340,gMir8BR6yDrBZaPIpqTCDdl6yVVFKX6OVQQ/qJqhiVw=,3,340,3603.66,2022-01-27,6HOB6hBmv+60r3S/4RRsBQ==
341,4u+J7z8SWFRrIt9I09BwriqPX+EKTDRQznSsCqGpoFU=,1,341,1379.7,2023-06-30,R71DrdWt6y27cQOvanH64w==
342,a2OCYj/nJdCHaQuPJqZJzaZbcho3wcu3eC5TgnDZc4o=,1,342,807.99,2020-09-27,NjGUllv5Tu8BBdgERvLLSw==
343,PKKcyJCIVfXmJimVUlLQQWn52tfLB2in/kSpoe+Z4eY=,2,343,810.41,2021-07-12,ls6L1J74hAFZ7iP+30cGQQ==
344,ql0jz3EVzx9L7QeoFhd+NoRrR/om/EDIRsSN0fFdko4=,2,344,700.2,2024-03-01,T74x4xv7CCSUDacPB07Yow==
345,Rl4o/mhyhdepHYBFOSot0jdhrzZtI48HGVtRSjX42gk=,1,345,3754.4,2021-08-17,5/zoM2OC7BzMFV8feG/NGw==
346,1OtFEh7tFNjFvjBZu2BTCw9hWNoVupqJ1SOX0jmPlWM=,1,346,1766.32,2021-09-21,/46KT2ONdrbL2WKR9O6kmQ==
347,s36yQZomsi9sd+dz535rlxOv/JmQt0+4aE+TpL0uv/M=,1,347,3387.76,2023-02-21,rL/mUNz0FNl0VJnm0SYQfw==
348,jY+vOS742wIFK2cUIVnYpgLHGi2u4OReiC0evw2y/kU=,2,348,4218.4,2023-07-13,rugXJ+SYjK7KhXXoYJV9ew==
349,RA11xYYOx/T3LznTGxcgsu34mlTw0LeSUjA95AuR9Eo=,3,349,3559.62,2021-03-21,2GXYbmBy9WsgtFeaAxl5aw==
350,RqG78i6m6vNQlvsT4bYizSi2lmGnDFeJqdHjUqOZ/zE=,3,350,1103.66,2021-04-16,9PKBT2m/bUW4C2iP3VO6rQ==
351,1TJJ8lI+f0ezbh7h84s73tnSpCecs+JR3//ruBiYzsc=,3,351,3132.87,2021-07-02,mrPnyz08bBlSYcdEvnkjNA==
352,3owEqcCZpAOeAtv5SsZjfwZvPrRxHqSKyOKnwYvx2r4=,3,352,4266.66,2021-10-11,sZ6bNAWPI71jJ+2F6QxNWg==
353,C0xLOhPAC7UQKCcCfJu/0N9v4AP61sT+1p7YKJL4IpM=,2,353,1862.87,2024-04-02,i67bzJ9wDrY+9ckORLBmVQ==
354,PqmtTz9FqVEWh0oJT8MZq0dn8MkqSLzG9KYB3rtBUf8=,2,354,3881.67,2022-10-31,F+pkdteXjbd4PjGfTAWimw==
355,4z7zo38cyBe9gcSEgI5zxtSgRihplgJwjSx1zcL9it0=,1,355,3084.0,2022-02-20,I8OLhU7Iv1PmzOxerJrTtA==
356,ewuf4W6T0vgSHJsgM2tc+Esx3+5P+uQUkoBK/W2rRGk=,3,356,3345.99,2023-06-01,6vq+0SCDkW2+8J33krFBQQ==
357,476S2egGuGVIXvxtS9Ws0SEHyiOWn79bBeIHG2UbY8k=,1,357,4802.27,2021-01-13,br1xlI8MqNLog1kILwlVJw==
358,JX2pygbEMKxZEWVcbIhIxfSsJ3fTyNYgckayabzS5e4=,1,358,834.71,2023-05-24,eDYyIBw+twq6X7KGXZl9sw==
359,bT5AygEfSuPwwhdYpzHQ778rj/8Yg2nsnhzjrQwSSc8=,3,359,695.49,2020-04-26,b3mrjMNDNC64x09Cx5Feqw==
360,uG2ivMvclUp8dFKGLdJ1/LIcoPMJejtCD9SbivmjnN8=,3,360,2663.38,2023-09-11,IAfJQANOAeY3Q+zgXtzbdQ==
361,9pWHyyTBWDhhLPqA/qqUPiFjwWi0E+/HhrwE4sDr6AE=,1,361,1244.46,2020-11-18,ofBh4VQVia/lKfO8yWD92Q==
362,ovTDMdovCN7jVlKIwGdGZzkGW9S8136nUAoEHLHIPz4=,3,362,4779.7,2023-09-26,tEUDnlH+aebXUwjjhm3Qtg==
363,17cqRbSV8Viy6dSUn+HgkxqixYnPObnNy6a9qhLQnuU=,3,363,4143.89,2022-12-31,TT5XFXgf10AzAO+lq0Kurg==
364,uOPKSu3zGXlZmbsZCbX3f1YQX7iiZ6ifLLFDpBZtGjg=,3,364,3189.41,2022-10-30,JNkmdV/TwKUvuYNDdu0/7A==
365,gSi5JEhuvBqmBrOOirIf0h6noaQwCSjR7+kisxFuWEs=,2,365,1064.67,2022-01-01,iegFZQ18C7rs4D8cqocmXA==
366,Woy/+VGwdzeBVXZP0F76paaT5yfBZWnAH6Ax0x1lZ5Q=,2,366,4523.56,2021-01-05,Rwd8LOOaeOdX3e3AU8hvOw==
367,vYlwPYlCeSWT/mQOwshGJWJmC+O1l1UgNRXQv4KQf2Q=,1,367,4751.41,2024-03-04,hlmopQhOVoFtyiVpUKbvRA==
368,xNzFRlgzACQ5/CCbfB0Z+sRFQthIwBDlkLo4l05IciA=,2,368,1691.95,2020-06-21,IdRApV5ipX54uIaW209yDA==
369,WmPTFkcnSI+5A1bC2T/vlgvns2w4aA507EHZftewmBM=,1,369,3405.64,2024-03-17,UxN9mzU8JFqsNnKMT5nkAw==
370,mB7T/FnVnNnsGKUwZMGczyoxbYd8YceLx6uxuJhXvkI=,2,370,2268.93,2023-12-16,zIQQiR+zG0K0OEite27PaA==
371,TQFEsAcn2CpWRsvcOmXRNYY6mHpUwBSZF8iTQrqWh7w=,3,371,2733.78,2023-04-08,QdDRcD2y0Mw+TheMkT+VqA==
372,ioxkIwn6+C3vM/pS5jLeRx5mrnznN9Dv4sNaaa9dtfU=,3,372,3769.01,2022-07-29,AkHaf2UAZIb9cphoW0G57Q==
373,dkNtsGW7UHoo7kv8y7CJEa815/0XzMdu5zPbaz1zeGg=,2,373,2624.85,2023-04-20,lPm5rrVc2FtZ2tXIchkR6Q==
374,2Lo5HpV8vYhx80lcNBpFZ1iDFJSk/R3W5i+6ELpwfPI=,3,374,1081.55,2022-10-31,ClHYRa3rea2rXvp3gquG0A==
375,HnZt7ifXDvv0UBSnU4nDkAntUzvxqDAQfG74m1YE9z0=,1,375,4598.63,2020-10-11,j2WfDZ75842L0HfnLHB9WA==
376,ZCMNxf6BijmRG1d+oKGo1J/niqDKq/CO06dBV3KuwkI=,2,376,1967.22,2022-08-16,OXvHaFF7EDrId7fMmvy1/w==
377,EEMVDWS+DlEhIx30Q5G9M7a/Y22sb8W7d3gpekDWxoI=,2,377,4593.68,2023-05-01,M/gCPII9HisR3eCs2ubnig==
378,2QTdnspTXEhuXpUPsEhbAPEvPxRYy+G/Y62HKFE5z7U=,1,378,1452.42,2021-02-11,IB4AXSHTsa+i3X/lxgzaLg==
379,4XUFsuGg8dojuWy+mzxIRhPedZe2xskC5WTjNi/F3mo=,3,379,2272.34,2023-02-13,VWpJokfUOtXsaDA0rj+8/g==
380,O2sZ7kbHyNF8ZoYYZ9LBtF4O2az5qLkAKdn4L6yGGCY=,2,380,777.33,2024-03-26,d4XTSSWxUteFmhNUKUwsEw==
381,UMzjxhdu/bQUBhkFL+cdlVRr3cX55KP6fp5IxJ2IlK4=,1,381,4782.92,2020-11-10,/GgwwbZS+7tD7zm0YGqEEg==
382,KN923j0oD+wAAsFj0xa/NbiFXcv+I/DeWsxWwyWm9ys=,1,382,1204.16,2021-10-03,r6fdiyuQn0pq5+upZv6/tg==
383,IVJkbvXUIbT6BbbBKYLF6gTX86b9kaA2Gbcn+dvhTJo=,2,383,3262.26,2023-06-28,T0iIHrU1Y1iH3bV/19PhAg==
384,4S5VdSfcOs9Z+rbwQkCA9Z11jiXut0CbpOeZYT5/kJ4=,1,384,555.76,2024-06-25,BsXUEaQhOYLCbohm8DxTSQ==
385,DlU+QgSJwGmJhhxsRb/kkH+qHtIKMJmOTO53TbiNkJc=,3,385,764.36,2023-06-30,LN45eleeWR5VW5viGLOeFQ==
386,tAgpJrckVy/KSJQmoequXfXnOMZ3svyWbfaQzloAuxk=,3,386,3506.02,2020-05-25,na6DtQiuZU89OhKRgvCbjA==
387,qyTV2hfa0fU3y1N89k5bd33noPUCakPN5oSB45s482U=,3,387,3692.37,2021-07-12,d7QnvJUzdjOC9dSa1ytwrg==
388,vxb6Fwts+2dErzxQiCgkhI+xNuQ0EXjQKCk1PGUtIAw=,1,388,854.64,2023-07-05,Q/CwWHpklFJVhMO2M2BQJA==
389,KrU7CMCyzwkjO7r9MtM0iYS+vkUH3JH9OKgnN5b3Qeg=,3,389,4317.67,2023-08-29,bv8NolL3j60l4AtnNn6IKg==
390,B9ri6JoHLn9jwrqM+uyj+9545Tes9ZKhGWQQH15s4Io=,1,390,4151.51,2023-12-21,h8l1cmZ08JPgR/MPLVHqLQ==
391,oWMtL+OJCmH16LyA2iWJyxGqvO+33OKiLpbdMi1WEmo=,2,391,3071.53,2023-11-13,TKhJs/pQEVtRmga/y4I/VQ==
392,wxgondYa0F1QbJCxkZoxe96HXy+1Kb++Ca9qHH0R+8k=,3,392,680.78,2023-11-25,wR6Ompcd38EZnlbipgjuqw==
393,bwQqNHI+dbXaqL8/0/4sC4HlQUdt6vdK7Nyd0iODuys=,3,393,4869.16,2021-08-30,Hlfb5vNoUYGHEx0VXCsQ3w==
394,H9yDVgiEjBYR+9zDr4ePYjIbLn+ePQgS1YDj+MAXxDA=,3,394,2861.71,2021-10-06,cPuTHN0sgr9mVgCiD3wRjA==
395,+W2EeLF9RxsyIiRhQzIIbHU/0lq9DS4Y76TMH1b+Edk=,3,395,1861.89,2021-10-07,1vMA6/S/MeXxA6VT+cZGcg==
396,7UFP8CpGR1SIxbRmNf8NwCgECGmZIurrTKWm5q46+wI=,3,396,4439.45,2020-07-31,vYIROyBfMTrKyJny1MnvuQ==
397,uYQw9Hq4HCfX0Wx86SxvnJcdcG1IYr+QlgYavS4/DkA=,2,397,1080.48,2021-09-06,205429jCmTbKDkHI6KLn4g==
398,gjsEAw6OCRJqW4VC1XsPIz0BR+6V8GnfclSs2xLhz6U=,3,398,705.04,2024-02-17,CJ61RCPkrNBzE28+XckofA==
399,KXMI9SOEQF/qzLHLGAg7WrOG7S1WRTyQj7AFDo0m5zE=,1,399,3789.47,2020-10-17,EezuvpBAARfyKrNckT1OTg==
400,EC9MTJrNGMyxPg7dVOnsCe6yiHj+FHuspbX03HbyTqk=,3,400,4700.75,2020-06-11,e1+pu5P8Hx8W7ClOotd28A==
401,ZuPu+dMc2XMREwA+C/lcrF915/up+BRDPIYfUf+eHOI=,1,401,840.17,2024-08-11,eebic5Y54N5pHpzJZ8hSPQ==
402,m8xD164RP0TMMv+tn+Wsi9L9lO9iai58Niq0u7uSr7Q=,3,402,4123.48,2020-09-24,sAZe5G2Bzmobig5ScbGiXw==
403,mZNwAEfV4hF8RqBzsXqr9Ix8pFvpkdIZSnZ3NTgqrIo=,2,403,929.72,2023-01-04,zfF4Oqu0iwKikMM9ozRnCQ==
404,Nh7SSBt/+8V3YFGAkko0qudVWCCF0NAwZJZ1zjtnvNM=,1,404,4187.4,2023-10-14,ArYurOYtjl5rz4vQbo69kw==
405,Ssk6AnbgbkZKIeojMJmYNDAz6/PDyVMmdIiUKKSu44o=,3,405,3720.77,2021-10-30,XZFshiMW0EOKD/yS1hG2Dw==
406,q3wTGq+51+TDb6ueImF9hRLubP2Ws7ooGBAV0NUCwLg=,3,406,1632.92,2023-06-11,7bQl/HYDHLT+KrFqOPjDJg==
407,QZXWgv6rohWoLo8ulFvQRHNJ5KyVUr+4SPaowXOP6y4=,1,407,3534.86,2020-03-11,Hsd4GYq7JgnbsAENwPEFPA==
408,q+ahMB0EGCdA84fXTqjBxlF5gKEtG/5bJdvCcR5FBvw=,1,408,2738.06,2022-02-15,oEVeduCN26eR5qgrmtiTyA==
409,zRK5eWUwBtAzpu82Pvnm6+Lq/pxiDVu2vwFL1L5RcDk=,1,409,2822.38,2022-04-10,2RhJi5heYIFdVD/uRNROAw==
410,mioJwuEblj2NM/gpP+HXnAZKKk1N2wkYXCJGLxZMGvQ=,2,410,2651.95,2020-05-09,jAZi7YbS0nG1prQm+yJEZw==
411,8bsIQR78kAE7m+YNqmRNCivr5NJFPD0nFv9RjpaoMWo=,2,411,4658.96,2020-06-09,6GClhba43JsNpFCceSCyOg==
412,PqdZDkyOLgScSPPWaasUIn1yB2G0spiQectqfyhkCTg=,2,412,1056.84,2023-07-19,aJ6Ep/Zlgo8jIXsdMGOLrQ==
413,GJGniOwGxk11vHuPMi30lrLhWvH4uZKPmVwEt+IApMY=,3,413,1042.38,2023-09-29,6SaCv7zE9RqnB/3UROTcIw==
414,YbEgIvKdZN3BJUVJlT9BUSqxM7EbTXIO4tK53HAiKdc=,1,414,3334.09,2022-08-08,e1A4pugHzk/KoMJvSQmi5Q==
415,Kgt6YDBZR5t5igJntcueWfmn8ZutzPDmEH48VJV9K1c=,2,415,4633.81,2021-01-28,ibQ4yknX1ckb6yUJDXPHRQ==
416,9c1BSepkCTaBQdL2N5/GDnUGLtQQA63LtsZ1fTQlzlo=,2,416,3265.13,2022-04-03,UMyhprDPqQrlWJf6N9kMNw==
417,O5oS7WzKIrxpu+gqeA8pwTy9e+uzoCMrN5vRVWm2n7Q=,1,417,2553.68,2024-03-17,no6u4vLP29O9X/xlPPINwQ==
418,JqGWH0kpkrWyiiac4y44P/fHFYUZjXKdbMdaGwbUUXg=,1,418,646.77,2024-03-15,5ydvfjzDPKzxsNf1FE8AOA==
419,sTgYpNDts8Y65mWRJ/BdVzgK8ja9N6ky0hQhI8IXlC0=,1,419,4583.84,2020-02-15,Z03uBlZ4vupVTzrPAm5uqA==
420,3+AVfU56EjCKIq1GUgO5eBsEIFCGoxUzCHJiO3H1Uho=,1,420,3698.3,2022-04-15,4haRForVlUxeRR2uY/pMEA==
421,ZGdxq4aAAhNkK1oDuWymeCQ5kU9t2oZsaG4ea1EGLbs=,2,421,1877.65,2020-01-26,krI3gShme6anVIklHkYOgg==
422,GMk2nAlwYSYJsuGNvDeUsjLqD8Cnda6dZnJ2rgfQMJ8=,3,422,3048.63,2021-01-13,wdmg+TJVxxI5rWXZ39VQhw==
423,b9qtOjugIixxIE6ln2+MNtvPHcwCYDe5cElrCFqjdOo=,2,423,2544.84,2022-08-23,hXiGLuHb6+BqvlC6sjeTSA==
424,UBs5qBszxjm0bB/L0zy3FbLaOV7Up8juFfkdvFK0Cek=,1,424,4213.94,2023-10-05,w6YlV+l67bojxfR3sotz6g==
425,19RsNfpVf9GusujFuDADX2mNarsWeRI5i/4lZO+UuVw=,3,425,3701.21,2021-02-19,jx0crBYzzH04DHW+JKNJ6w==
426,kpbbO96qmMgNceMPHsqGppLwWKcaeOsatkbpj3uqq/E=,3,426,4290.01,2022-08-04,Ru/gPX7+mo2d57Cl8EwwkA==
427,xiDNXjYhUTN0i/OYpXZcRuSN22UM3c+AdqVeNpPv1mU=,1,427,3656.55,2021-09-12,DTBsfEg9bE+W9Dy6hsXrnA==
428,V+4VaPfvf90t2VEao7us9O+QWa5kIwBpxBKA9JR8/iM=,2,428,2613.54,2022-07-26,Y7RYwcVMj/C+DykmG2YGNQ==
429,DiQK9NhvT3DgHM8Kbr9ra1Z5UNG4P27q21iOWgDbfWw=,2,429,2443.47,2024-01-05,uw34dI0qPLFCPHlh+zuVUQ==
430,zci5WAx7wsnR4WOEKMcHaIOAI/BTgp9vYkv4PQvdg4k=,1,430,3228.82,2020-03-04,WrYx59YJ557WZyoI5gfg7A==
431,xj/bbHo6xFgoUxh3O4odp11zc3/bR8PLjOlBxVTTPhU=,1,431,3384.18,2020-12-30,6c9WCqwXeG13KmKsJwJwRg==
432,USACh2P1IbeWUHJiZadE9VVOpzlNkkqBJq3S9mH7Kus=,3,432,4900.85,2024-04-22,WM2AKcOKvEIq6PiSfZ+ZVg==
433,/5IAWoJiCUhR3DGHz7xPv3RMxpWGqdnSKjOeusumeeg=,2,433,4494.23,2022-04-01,GWUyyZtnEn8PtMzhzW8+bg==
434,/OV0leXlUwTRTdG+KZjPUtVEyhvOcC4iY5M1Mxscrvk=,1,434,1621.32,2021-06-11,UMgLCZ3PYHG2KX1Ep6FAqg==
435,lqcyHdGssXBXMJOJ4oSzRuvzxLYKyA044+iOFta5Hik=,2,435,2587.75,2021-09-13,5soZdr45IIqxMTAVXzHjZg==
436,mj41THC+EhEkGqXBLkgeF7Y21X0LyV3O7Q6CzlJ4MP8=,3,436,4482.49,2022-03-23,gCIXP4fFkp9vOjBPML60ZQ==
437,rDKscOXiK62ELUWPpGgqyx6lvjNAIoaaQDs88jHpE4c=,3,437,1936.63,2024-05-25,1N1uW077knAEVI+R9n5y1w==
438,ez/TJbRByc4woXscGimPWKOW3vavb0k4gr9NDOpRkuM=,1,438,2294.7,2022-06-22,s/wK/NmduIdx31gq2TIieA==
439,o0FIHlWg88e+SZewLVi+ro2v//ePX5QYmA+m5s2SA+k=,2,439,3566.6,2024-06-05,TTcGKMIv2af6GHGMolYl3A==
440,QwsOWlktF62ylQ3M3BbN13FfSS7hoar37RxXhtQ9syw=,2,440,4849.9,2024-01-10,rRsd9gQgIQdTbMLeimzhag==
441,k5RojoXfT4ZvWY6K/IYGT39+mb42hisfsblMW4FkhUk=,2,441,1243.91,2024-08-14,J6VEYzDqndUOuahSdKv1ig==
442,NTjNXgSrtuUcxmgz8Of66C9h7AH2qWt1RBkvRnfJNjw=,2,442,1845.85,2024-03-03,aPJz7gsUMrOrRpi0r5mRcg==
443,JU18LehUMCMAkUb1sRdzqps0t2kK/89QIDDPsmA1Uys=,3,443,2290.06,2020-05-22,xqW8EYNeAP15Vo1KeLUb4g==
444,rlHbWhJ3TIOancaxrIkRAZ0ZSWknTitIRrX0NvAuVLQ=,1,444,812.21,2024-05-15,pSU98TnNrKRToXtvIIb4uA==
445,G/SYz8qK8e8jbzDt6gqtNRPVkwmaK2fnk0lbW7yCh9A=,1,445,3209.65,2022-05-23,LdtN4nCQLEFd4zdhk/BaDQ==
446,C4v9N/qMWGpiTeH0K3slbYuQseDKntmyoIFGoHtlync=,1,446,1990.83,2021-04-03,NjBJWRz4cjQGcJlkZx4P8A==
447,xh+oRn8+sYHNlobZYquNljtVZDUBL5OKFgE/07kxJJw=,3,447,2688.08,2022-04-03,SWmak9ph+sylHymTfsZk3g==
448,QHWSUQTFQ/NMunPWJVdwiyIR4QySMPFQc9Mr5wrRo1k=,2,448,4012.79,2024-07-01,Vj1fq2Q73kouU/1wiHGgVQ==
449,ivrtKvfy0zhLF8/DU8E8kp4vv3eKdy8QjpxzZjOKFH8=,2,449,4086.57,2021-09-06,wWWPfP+E7wo4/q6LKVWMQA==
450,6y5U5AhB7Fge6wQPCTQYllEC2RGBKSILN06IKJagUrI=,2,450,2823.78,2021-01-11,HquSuatxcNffSKA7a/sOYg==
451,Sv1Siw8N+IlOKqrcWtoaLTOWsCe8O15ID/s1nP3GH8M=,2,451,4257.05,2021-05-18,zp1Jx3m8WBJ0qVCzgJKxLw==
452,PEmhNMOvqKlbcv/rSYoEPDIZ3RPgMjCystafgqkHAbQ=,2,452,3122.85,2020-06-05,BK5EanBvPtjkwRrSm3Dhhw==
453,q78/FA8CjqGSCuHBxQphgZv/gcYJXQ2a/u+n3Wf8KUg=,2,453,3744.86,2020-06-21,wxofLUfmGabGZPxzJHWI4w==
454,SV1lWxFHg7sv0UptgxI2YTrgYcW/A+gEo2/DthlHCkI=,2,454,3096.24,2024-02-07,o4HTTrMOZpM75SOLA8k0lw==
455,miF2c1HSBd1pLvKTOBuh9ImGvKz+8wNay2dkFW89ZII=,2,455,4198.27,2023-10-13,7mVogB72wq/cQljeyoNg7Q==
456,qYBUUfwqoabanabrG2EylT4u/3I2mA9e1kK82ytAqmA=,2,456,1444.41,2022-08-29,dZo4xRJCmtkgM1SdkpsYDA==
457,O8O7zstfN0uOq2F1ZlJz371WqZ4n2ik5XeVkMw3RxFg=,3,457,4167.63,2020-04-18,KnoGjr1FJ7sn70eM9YS/Ww==
458,i0C0RgyZmUAK3+QbchBkpcX8maWufDzRnQog5qj6FAo=,3,458,2882.27,2022-09-16,rs8gcv0m9d/IPQiF2aRXpg==
459,8wY2Ms/CyJ+/WG84HH81BzdiFzBgKZk3+/69girZaO0=,1,459,4936.41,2022-07-19,ThpAEm2H342fO6OZ2MinEg==
460,pj1/jUs1Kd9nL0wza1G/kLRtexadcxejV3BqzDWF5do=,3,460,4451.01,2023-12-08,38ncXVqV9gBR4+4TugqO9Q==
461,TkRj53xQKLZpXJlRjbjQYizds9W9Hzu7b2mwAo/VWEM=,3,461,4879.75,2023-09-04,GuepfI/jE95loYTafwd4Bw==
462,eoBWXVTSqJ9sIlc1keRt5g+0rjoZRRB7Bso8EWS/a1Q=,2,462,3117.04,2023-02-20,NNAWdpGdg7aRy+AHf8RElw==
463,y0vE6qqnpQeOPzQJ36ejCkXtct7frmUq1MNVTb1RPNI=,1,463,1540.86,2024-04-15,0VQa1roK8QCWPRSspeXZfQ==
464,9ch0Njuk1HqbPkx1gL0e5xNboLPNxEhG9STym86Cf8w=,2,464,3857.82,2020-09-22,VYQihce0eeLoJXbNfF61qA==
465,k4Olg2aEPTDBW3e5E//n+4uZk6U+WOIK+vz1lOSY47Q=,1,465,3114.84,2022-04-04,NaN/YD2f7cbflqoF6U81DQ==
466,LHj+y4CHtpCGbCW9GMVabwHd10cx7q0h93U3wgxiq/4=,1,466,4837.08,2024-04-06,DoXl4rl1Hc/FJkHvIdSqUQ==
467,7d9XEyvQNWR5qK8/mMQ3n+NJo2GNELlvcsvxdKEGKYY=,3,467,1007.57,2020-06-26,1D/kWJkwxLu9wahqfYhNDQ==
468,G+Sh1OxeNoplCAzRaVv/MH6sWgKz2R5GRfExwpyCl1E=,1,468,4632.17,2021-07-03,+rSbbYJGZCNOPK6EE7Sksw==
469,/nPaloa5jxpO8G7ZfqaOQMZ/FQrQuaBLf6l9d8EyBXw=,3,469,1627.31,2020-11-01,dFxuR00JG5lZ7G7G5aiUcQ==
470,Sr+TKXAt38ZT4gE//6Vgof17YsTjEmgxmmlNmuD9FO4=,3,470,2813.26,2023-12-27,Tg8jLFawGq+2fGqolJYdTQ==
471,4aT7ec1ZHHPyy0fMCn7Ux8q6voyBl9/kLacNnKXDFMk=,1,471,2570.73,2024-05-22,SOsc5rRxBSqMs3cHkTGGpw==
472,MEWCUVSbT7eQKc00MZeZ9u7cTHqVwkv3p5OPRSf28VA=,3,472,4476.73,2021-10-18,yRNjyZ7HPKjGG0ULHhv4jw==
473,c2r0IM/u8XH3WKiE2fznK5MP8dHkjLZiszP91a1SWMo=,2,473,4981.96,2024-01-05,scIUZYT6lWKRhcSy4J+/Ow==
474,Hujau0SbLn3dmWDKR3Rib9QAf1E1ZcltEsKTYsUCoGc=,3,474,1006.29,2022-10-08,vrlvP8ZpQYmci6D39L8d4Q==
475,lWRABawmiJvFCNezMolnHZz0ZhRaQxdJwLtVYTvetPc=,1,475,2861.8,2023-06-22,Kj2IJtgVjM0I8a9x2Gz8Iw==
476,9ZETzv6X45jGq4nOEi57d9b07Hcot/iOKKzUEOQqU/E=,2,476,977.33,2024-06-19,dSGpBn/UgxTs7uN/X8lXcw==
477,JImxcGgXQZD8TK4gFBP/yBfE2N/QBOXYyVl45+T1uFM=,3,477,4083.44,2021-06-06,ubWovSWB14MD6C283l8n6w==
478,6FH7hKLV2olbh9RHc6KiZdLt62+HreJcSwxe0/h+mCs=,3,478,2522.97,2020-07-16,QRn7I+1mA4p4uabiZrGB9Q==
479,80gwb7Bus9ClacVvOGWGvDI3LfPr6MkqZ8FTu0KE5Bc=,3,479,4692.39,2024-07-16,QGjfd3HCDeWdeuIQN68BpA==
480,W9emJLXFTZzwvwVtzee0sf6HO/h4AwcW8piJAM9QnjQ=,2,480,2061.85,2020-08-07,sLYQlaGpHohN81FwYwvpiw==
481,2hrr4PVSio013yWEwVC5ICEpCtx59Skj8w4wcdiimO4=,2,481,4430.05,2020-09-11,s7JIZM8LGUwz0hyNUZcCjg==
482,7ltLv7qMyjejp+mH9SPaw5OTa/aPwQv4d7hhXYJ4xJE=,3,482,2185.19,2020-05-09,khxA/OpSKbTPqUTU4oLz1g==
483,z//pZYrUYNHKEu9q/9HD6/wMwhCarh+AnCXhVuo8SVs=,2,483,2105.23,2020-04-23,9V57o0hjdClOell63WcdlA==
484,PbLEvKlSEln/fkfkWtOeMKNKgFP2yjCuUzMZijfYYjI=,3,484,4280.24,2021-10-21,kHRBuL6wCiek1YFP97wuMg==
485,TI3zK+jrRkqfsxSkK4mm6AV+vXZRSmNcHeq887WxeWY=,2,485,1041.78,2022-06-29,ayLaJubWPIgp+BUY98HVIQ==
486,vz7Ew2Y21x2h0Kptmr/jRi8tWJiMB2DSbWeC20pJGWU=,3,486,1857.15,2023-04-21,BBnQvcp/xuS1/nIxalrpGQ==
487,2fBMRTu4LAiTukBOdLfVMUP511ijZ+A6PKsMhkMz4l4=,3,487,2668.78,2020-01-24,laLY5uKIT/n2tntfF4h9LQ==
488,ziilie9pwvKMxW7uBT5t2aPQkb02TSBNJNZOglcMxks=,3,488,4430.8,2023-08-17,D4Kqyh76V5oWJ04LUmx+OQ==
489,mO8S+G3lWlg83NqEiN/sytKnTvSG7GmEP8pBBElJrC0=,2,489,2084.28,2021-07-26,Me3V/jhsWsHhCS3EjJE44Q==
490,Kk0XqI0P27Bq6jEI5ENPIVX7dxMkwLurR7hrIu3efcU=,1,490,1001.46,2023-02-17,0pEtwOcFWfH5g0JvrPOhRA==
491,mV0CZWKsgaRC7QWPdtldIx3nRW9LTlRjqM2SthweydY=,2,491,3878.09,2021-03-31,kRzcQTxFhhU2UmL//R8qkQ==
492,gBH6jQngDMp9UR8KtfCsmA8lePZ8dwsED6XVSSkHMDY=,1,492,510.49,2020-08-04,WUYdww4+kFHto76q4AzcVQ==
493,bDUlH7B8/5dYC8Qs46KDUal29TRzhGDi7I017D8UcEQ=,3,493,1791.24,2023-07-09,vensBBdlLf1/L9JFOHof7Q==
494,A4rZgckW4mltxWMP26blibGBvrriD329XhDhbfJuhd0=,1,494,4118.85,2022-09-02,OJWj+11ndVXQ4ssJI+y/Mw==
495,ik6F49A7qXlbNu2juOyQMg931dOGkFmrLMeIjKF/YIg=,1,495,516.81,2020-09-15,qI6XSHC7POYi5aea1Jeh2w==
496,Gf9HKRSnCA9VtY7J04ZpfCN56Va82Zj4RXSXOtvrJvI=,1,496,686.65,2024-07-15,Oqh9vqUQDq+gCvRIBqASxw==
497,93IPJQkrIVmercL6Bs6008yTW3aqjM/BbuI9TyD0pG8=,1,497,4340.34,2020-10-17,t41kQFdrud+Zc594bt9ZTQ==
498,QJf7P/50lEI2w8BsGHxav1SJbUsxwqGofSfMHL46qsM=,1,498,2942.56,2023-06-02,qUiy6pmZaGbHI5yq/xS5wQ==
499,ny1viwZ+wObk5zDzJ6FGBcFPBi4zupgDbx44nDXWpS4=,1,499,1205.93,2022-05-31,wkTKsNVqvzsgcG3XIKBrAw==
500,wORXczr4L7qykRfKNDPA7UgVKXh0icgfcgfPfd4Sx9E=,3,500,3357.94,2024-02-29,MHash+kELN3slSNjgY8p6A==
