RECORD_NUMBER,CUSTOMER_ID,CUSTOMER_NAME,CUSTOMER_SURNAME,CUSTOMER_ADDRESS,CUSTOMER_ZIP_CODE,CUSTOMER_NATIONAL_ID,CUSTOMER_BIRTH_DATE
1,1,omNa9TxvEL8XG6QDWdozBQ==,AMGgfE/4rzUI7gtzemJlDw==,"512 Bishop Overpass Apt. 203, Roystad, WV 73391",23661,MT+qyOgYn8kMIDzhCBoKzg==,2001-03-02
2,2,OwewM1o4wGtLHtNK7owr1A==,EST45PRqtH4XZ7mKak4F0w==,"19136 Robin Via, Colemanmouth, NM 50759",44678,F4jEOJbHbDboSmhw7oXANA==,2001-02-22
3,3,dYpkioJv+WKhVr4icFLbbg==,PIMVpx+/HTuqJXdzenNrrQ==,"8966 Harris Knoll, New Lauren, OK 77996",77077,PfYOTO+P5KeTnN09/6ea5w==,1996-12-13
4,4,Tj3vBu0Wt99HqaNiztoMlA==,dDrmtMErdy3/k044H/1mPA==,"452 Scott Overpass, South Laura, NE 82531",12054,8wWoF5gtOWYnuFwA4l8Eng==,1996-11-06
5,5,q8WyJ9NuFUygw/mQQlhWUg==,rAprHwBh77xPhcJno3qaOQ==,"59773 Michael Village, Port Jeffrey, KY 67600",67955,SB4rEs4CCUFUhSeFpILVmQ==,2004-03-21
6,6,/lQxZkOLNfscqJEy2yNcLQ==,mly7Z4E2W/Vw4Bq56/8BzA==,"5910 David Highway Apt. 640, Veronicafort, MO 64546",20903,mvX4q6b95figgXv+6Ya+ww==,2002-03-16
7,7,Rs/gW8QbgYI0wwhqqPuXYg==,LkXyy7mvn2G2nIlvtQYZyA==,"515 Donna Glen Suite 373, Moniquebury, TX 37105",10561,SJUymZcMbd4DYol0BOGbuw==,2002-02-08
8,8,vFid53nBUEnhn0OrEJYnDA==,VDEUFAcZEKXxferuo3JUyQ==,"96098 Mccormick Harbor Suite 131, Dawnburgh, NY 88727",28013,DuTFCVQyEPMEUf3+6sq/dw==,2004-03-13
9,9,GdjNP29ueMRau2HrPeKD9Q==,73k2leA++BlSSyuIBROPBQ==,"151 Bryant Isle, Lake Gordonfort, NC 83780",13973,d0kvRiL/3hsSSxGQDJyeMQ==,2001-04-01
10,10,JVoUm6hMXIBl/IXjb1z3nQ==,nnmZBejYbH1IX9CUtu7e2w==,"3782 William Center, Cruzmouth, MO 49784",15110,gT4r878rfVQqmHNIEVVgVg==,1998-08-02
11,11,UQDIynjF5gemeyXzgmniDg==,rAprHwBh77xPhcJno3qaOQ==,"85231 Timothy Springs Suite 880, Lake Nathanburgh, NY 82067",17328,YjymVikhS3SHyJq0FKV0AQ==,2000-12-06
12,12,CCD11aNtjrtGhzoE8ChSWQ==,dDd/luICcTL4nnpLCZki5Q==,"18368 Morales Rapid, Bakermouth, NJ 42088",05847,TA2eO2fs/mmx+OXd6cqt/A==,1996-12-24
13,13,rQMHyM3aDsP4qc+DBpEJdA==,AiOH3zAInpMR3CI3cMTkjg==,"251 Michael Ways Apt. 573, New Brian, VT 11070",50263,n2XvrWfIERzoScusU2+SNg==,2001-06-03
14,14,B799yQW8MBSCNxRd4YmTWQ==,9JYovxs/9CIJwLRuwxs1oQ==,"301 Shaw Ridges Apt. 636, Martinfurt, MD 48195",64185,vG5DM7kby8NfWJe/EQalCw==,2001-09-21
15,15,oVA7r6APCoUsc/6cePOuaA==,RRoX4y4lLkWEK16X31YAXA==,"5558 Pittman Wall Apt. 013, Bradleyville, TN 55660",45345,YExp5Kb4zVJdQP5cmslL0Q==,2002-10-18
16,16,4F+x6V6oW5Rj6UQOw3zdmA==,s1Z3Vmhfe36hvVoLr0Slkg==,"64035 Christopher Corner Apt. 181, Kingview, WI 99809",80295,jjBps/iicxPr76RqGYk/gw==,2000-11-19
17,17,A4XaUg/09MTP1RqQokjQeg==,0qt+DtSLqhhvzA/wwUCtkA==,"USNV Miller, FPO AP 67905",95282,800s8lS1HY6O10lJtvVYyg==,2004-09-27
18,18,OySAEXXY+vEvw7XvQiv8Vg==,EST45PRqtH4XZ7mKak4F0w==,"5309 Welch Lock, Dylanmouth, MS 58718",69949,8aj4JSSNW4t3ygCk3AypOg==,2000-04-22
19,19,zdThKo5JPydIHUk2NexNVw==,QQhbdbG3UdHKPf3eJg6udg==,"PSC 3669, Box 3335, APO AP 72968",36588,yVvirDYW1CPQemvex9LmtA==,2003-05-26
20,20,XucWgBlEZuEgR9E3HcaQBQ==,s1Z3Vmhfe36hvVoLr0Slkg==,"2354 Kevin Rest Apt. 208, Schultzhaven, MT 72712",11341,tYVRDqvoGbHoxmHrfM6Z4Q==,1995-02-14
21,21,NtCg4VsrhbVjeGuW1u/ufQ==,dQzi2/y6C/0YSkMe2E7AFQ==,"PSC 6082, Box 2505, APO AA 28294",15955,8XhD7tPTZ3P8gdE9VDEXXw==,1998-06-01
22,22,Yx/DqiISk5FMctLxnjFIxA==,rauPyXPRSsE8kS7i3mqRyw==,"679 Potts Courts, Nealmouth, HI 12966",98944,tlNc/AMZpODb2aw87u0Syw==,1999-11-26
23,23,kOOz3auOxdxPMmZrxGts9A==,GDzrLoKO4SJ2Q7hkLPyzIg==,"74749 Moses Road, North Barbaraburgh, NE 64716",61405,zK7r9sG0gSAE8DAOxfUKug==,2002-03-26
24,24,kitWMUTWDW20I88QIod7XQ==,/KrIZkitjC4XZX5TP7yGFA==,"351 Santiago Ridge Apt. 097, Reynoldsside, DC 66976",48166,U912hKyzBIi+JB/8fuRQtw==,2001-05-12
25,25,xYI9IgXMoYrU9qUlj2JOnA==,klTQg2r5CqcnLfLT0LYUCQ==,"PSC 8697, Box 3247, APO AE 42827",69803,AogpR0jdE/rDzSHZ4HfbFg==,1997-11-17
26,26,Wu78sl2rzGn/pSBKgYoIsg==,wcE8UWOm00WlruZap+db7Q==,"970 Robert Mills, New Kevin, UT 96450",70047,ec7EY+iD3mJr+Z6Lvnl+8w==,1995-08-14
27,27,0Xf2mz5Y0zk9jeLtPy/1vw==,QIRB5n5ET73ePQBy+1tVcw==,"243 Johnson Brook Suite 265, Lake Javierberg, NE 23303",58982,W1pMxwHEeghufwPaAfAcaA==,2003-08-17
28,28,L2g8UE9f13f6XBlZiIwJYQ==,P5ON6VAanipV3E/pxmaJJg==,"9395 Hubbard Falls, Victoriabury, DE 20706",61020,zsMl6sSaCS9sNU1zZivPMg==,1996-10-31
29,29,LzpjRky2xw1arrSj/YplUw==,kKEzYWA+sBgHlXFeCO48HA==,"7367 Douglas Row, West Courtney, ME 92193",84538,pLcPIPdYaKIDCTGPY1CpKA==,2002-06-20
30,30,kU0FNMb6I0byRvhgwrR0Mg==,domcnAD8WPc0dM3QVld6Yw==,"2310 Kevin Summit, Elizabethhaven, CT 28894",95551,3l0IEmdlrGX7lkec4oFwIA==,1997-09-03
31,31,31w31ysCfnWDqOzsW/0zlA==,kv83VXvZr/8I7dm3Ap1rNA==,"51972 Jackson Mountain, Smithburgh, NE 39391",49494,EeBC8zLSPgHSJAfygqn/MA==,1995-07-24
32,32,FPyTac9k/rtAWPCMDD126A==,L1oO/zhZCD1j5c9UFOzk6g==,"2175 Adams Fort Suite 255, Powersberg, ND 52666",77524,73C7+WS5eBCDRqTGEzr3Dw==,1996-11-08
33,33,4F+x6V6oW5Rj6UQOw3zdmA==,gN7VwyiRMiYMtOB+Rkf+qw==,"11121 Dylan Islands Suite 587, Kelleyfurt, NM 70573",72478,Y68Hd+a+h4VYWyJPBqr6Og==,2000-06-16
34,34,28AHOi2JtEafYFL5aiJazA==,zrpPR/x3LtXOD0Ue+sQMCg==,"1298 Richard Glen Suite 257, Port Ronaldborough, WY 88316",53406,ezXORM3YLU0+KfnQtT8cLA==,2000-02-21
35,35,hgxOfsbELLG+2vWrw/M3TA==,JAFoUtMHs0t+vfbPoZrqLw==,"7762 Williams Shore Suite 973, West Craig, IN 66049",96285,T2nyZMUBbW3AQz6S0AvP4A==,1997-01-21
36,36,QFheAnq6ejnlY9ICED2hBQ==,a+rrdOWNNCR35BoLKj21GA==,"37101 Moore Keys, Christopherbury, TN 85837",10744,UHC54oB86P2mwAzg10K+UQ==,1999-08-07
37,37,FPyTac9k/rtAWPCMDD126A==,tWrVT5maxVshYKPw2Tdc4Q==,"0124 Jennifer Port Apt. 127, North Lauren, VT 70340",44138,LKsQ5qaKcmgUvssrY4RRog==,1995-09-20
38,38,yGXEaUc41FT4mA7CPDecOA==,gLuYytGjZI0Swzqr3u6EQw==,"77533 Andrew Row Suite 277, Stevenchester, DC 06767",01771,N7C9vpbWzQR9NVVxZpnTFw==,1995-05-22
39,39,EyYFsp8NEefKzemFKntBsw==,321wRGPesyjo8nsCa0UqtQ==,"4895 Vega Gateway, South Erica, UT 39722",42499,slPLp62cTM9sfmNsb6f6rQ==,1997-04-27
40,40,kviqDLDzFdcZ2Dlq/B87eA==,73k2leA++BlSSyuIBROPBQ==,"0716 Hurst Pike, East Katie, TX 98666",06003,PKZ42Gq7I6khTswzs8urQw==,1999-12-24
41,41,HTKq5A4DXErqiebaXUrIxA==,yrq3CK6ECFRVmw0qDuLjLw==,"738 Martinez Plaza, Sarahton, KS 76176",98168,2+2TdGL+IhYG2Bj5JidPqw==,1999-01-19
42,42,zE8VWCvimnayxGmhhz+y/A==,iX3zXuzhuqx75GwKZl3jfA==,"Unit 1039 Box 7100, DPO AP 19729",13210,dCPnz5JXOlesr+HiddUFLw==,1997-07-01
43,43,EsT+d3eSUpBDk0eXjaALQw==,PJDAM5yl/a7vVKtGAbroog==,"52029 Morgan Corner Suite 722, North Scottport, WA 87272",40669,by33vLwe6M5/rKsOHjknYg==,1998-04-06
44,44,cekYLHmRaTlZh+H8IXfyhQ==,tRAQSfcqc+xIqmDLgKt9sA==,"33543 Werner Courts, Wheelerborough, MD 63510",48626,9lY5AQdS/eUKE7BgaC4+kA==,2000-02-20
45,45,LzpjRky2xw1arrSj/YplUw==,YNnMxdM482gNRhoYwM27gA==,"853 Banks Ramp, Port Rebeccaview, TN 49810",51046,ZND6pct6WDx7Cu+Mc6CyOw==,2003-03-08
46,46,NtCg4VsrhbVjeGuW1u/ufQ==,J7cA/91ZIrAdCFEPh4JrQQ==,"465 Karina Dam Suite 706, West Kimberlyshire, AK 98155",31751,FZwM8tfOxG5VEh90AAztiA==,1998-02-16
47,47,qwTXDn/SXdWnd2W+vIHZ0w==,tZRXQZRVrvS4tb1pZVo5PA==,"3636 Joseph Glens, Johnsonport, MO 33346",34791,+3eYKiTKWJxczacQPIZZfQ==,2000-09-16
48,48,iPmRWeiT797MZBZgHesshg==,PJloKe4HLv6cbzj+rBPNfQ==,"969 Joseph Avenue Apt. 068, Bennettmouth, AL 85602",76027,PmdEzpi3WLXQ/BpPb2YHKw==,1999-04-05
49,49,aPCydWgs8Dr8Hct4My5lTw==,9UMvf8aOOPpbo89HYtDTug==,"8188 Miller Station Apt. 380, Port Chadstad, KY 43115",46322,oMhOrq98EYBMMninRzDU7w==,2001-03-31
50,50,Oz0fl7laKUaXWFtOM3cZpw==,mm73gtCCvQXC9ujKwv5sbg==,"578 Johnson Roads Suite 203, New Kristin, KS 25058",75548,zQnMjtUCADwHMzKa92nHyQ==,2004-03-20
51,51,5Nz4FviIaINOl68Lg429Fw==,TIlZUsdSp1DN24nWvYcyVw==,"Unit 4275 Box 2617, DPO AE 94448",38369,EedpxPqf09CG5kCGzeKWNQ==,1995-09-28
52,52,VTkf9IVwjtdbSbhzoRudfg==,nnmZBejYbH1IX9CUtu7e2w==,"78608 Robinson Stravenue, West Jonfort, AK 18268",48733,H1w0LLsM2z2pl0TChxeT4A==,1997-03-29
53,53,aidROSPDRPYU7fgVG31YCg==,AjlrbJ0BI+fsCW6J7RTk9w==,"754 Hughes Lodge Suite 696, South Charles, WV 14842",66952,03PbVWtArnjHLLMmeUuRMQ==,2002-12-08
54,54,/lQxZkOLNfscqJEy2yNcLQ==,cQcOyKVHofYAS36lsD2l9A==,"6506 Kerr Tunnel, New Ronnie, GA 09246",84629,+nSFHfTf0nHn715sZnKRog==,2000-10-10
55,55,VHkniBqCM8pSJutVH8kG5Q==,tTpZXdO+SjUaQgqGTqc7yQ==,"1020 Garcia Wells Apt. 370, East Matthew, RI 68909",88479,zsNoyQHeWUaapLbnC+K8Jw==,1994-12-10
56,56,cdG1CgpC/vFD1OYCmv89Ng==,hVNkvUw6snLsN6byFZ2uDA==,"7810 Nichols Drives Apt. 813, Romanside, MD 33025",74599,Ct3KI6V9taGSdKcIyJoYZw==,1994-12-14
57,57,b39gQNHYXRe8A1ppVYzjSQ==,zIujkxuOaB/L6hWUVJU7IA==,"4258 Denise Inlet Suite 287, Port Patricia, CT 80359",70179,FuNnSgJjmyVstG/KCn9mug==,1996-09-07
58,58,m4GEytb5z8CSgbuAplFhLQ==,I1uqiKUVMbRIS61mVgY75A==,"954 Brittney Flat, Kennethberg, LA 13536",64928,ImrgkurKosoAdfYB3/LcMQ==,1996-03-31
59,59,xN8st85TB5X9ft8V3+HtDA==,CKSUP8jGSQAHRtdqTQvGdQ==,"461 Stephanie Crossroad, Lake Aprilburgh, OK 70395",58275,AgEZ4XtiQEXI1xddlTBnyQ==,2003-01-01
60,60,lOM51rbCdl5DE+fLveQFUg==,dQzi2/y6C/0YSkMe2E7AFQ==,"4091 Veronica Drive Apt. 235, North Isabellaberg, NH 43566",25545,8x3SiAdUsHVl2tvglVKR0Q==,1996-04-16
61,61,NtCg4VsrhbVjeGuW1u/ufQ==,GalUe4VDDDj4ZDgSDfAP1Q==,"00072 Allen Park Suite 538, Robinsonhaven, MN 98150",79100,pQxo0U5ajfn1tmGlAHWrzg==,2003-01-16
62,62,lm4nP+rXrGs8qvKYRWm6Rg==,39BSOcmy2WpSnaN/JrXpvg==,"04962 Monique Place Suite 295, Kimberlyport, NV 09629",86559,GWII3Rzgu2QSFYRBbe5YFA==,2003-09-03
63,63,kPPoM4hZe2UtgmOR43GL4g==,y4DypF6YRejodrGHdEu6CQ==,"94150 Christopher Mount Suite 133, Port Thomas, WI 52369",54729,dXbdHHIwMEJSe8B/8npwyA==,2001-11-27
64,64,UbaQpNRaWhjCrSyq8MAAEg==,gAbCBBcbxTjCmdhBFHWEhg==,"1624 Jose Keys, Ryanfurt, WV 35265",46899,91x4+gCbPJlu4NiB35AKzQ==,2001-03-28
65,65,WKLAG5uImbzbZv/iEXP2/w==,2rsvLbMOFmlgai9DDubjhQ==,"682 Jessica Avenue, Morenomouth, KY 59807",41324,Olnzb/2KgaXsh9qNsVxlXA==,2000-09-10
66,66,FMow+NQXivn4hny4ZcZYOA==,IsmS1XmJtzgWjx3sKPAKCg==,"14874 Cruz Square Apt. 714, Lake Laurie, NE 07182",42585,LTmwT8/Z5CCpdFPQTJ9vhQ==,1999-10-10
67,67,WOGlCYGOclEKvsj5OMDz1Q==,nnmZBejYbH1IX9CUtu7e2w==,"47166 Ana Motorway, Reyesberg, NV 53468",81834,uFNxCq1/BFZD7NIIOCj27w==,1999-03-15
68,68,Lv1UGr81QTpeiMX3mwTM0Q==,321wRGPesyjo8nsCa0UqtQ==,"88839 Stephen Radial, Kellyburgh, MN 26513",58287,VaBHL4dImcr9lsrq5nEbeQ==,1999-12-27
69,69,2Qyu10NBv05xoQLcytp7qg==,gQAMItUjNVefuMhQTFMGog==,"731 Michael Park, Troybury, AL 74840",92036,omCH5fyD3AgUc0dS+xMizg==,1998-11-09
70,70,oVA7r6APCoUsc/6cePOuaA==,gx0OHn9A7AySUmVQkX73NA==,"Unit 5045 Box 4777, DPO AP 41219",09742,t0robwCBSgFk50h442L+7A==,1995-07-02
71,71,nfEhtxubBtS8Ng4ayOo8vQ==,qlarhm8DRkT8X5kthOajsw==,"76951 Eric Heights, Jacksonville, MT 43367",73702,1o4b6ORL6lGjfkmyP5ZsSw==,1996-07-20
72,72,ns9U73MLVsGVxqihq3VlmQ==,BgtsZXA92MOFGwYiSrJrVA==,"006 Stephanie Course, Kennedyburgh, MA 90836",99620,sGXqTFh2zUz7AEymn/Kj5g==,1998-10-11
73,73,NQXWBspZsIsPteaTuBq3pA==,tyizlUNv6X4CG0qoDxdM2g==,"055 Walsh Shores Apt. 244, Curryville, ND 49203",25718,PUP3j6BDgTN5rB5BuZrFjw==,1996-12-02
74,74,WKLAG5uImbzbZv/iEXP2/w==,GAEho2w2vdVFyVZx4GHAbA==,"1494 Heidi Lights Apt. 574, Lake Christopher, KY 47746",66198,NF50TYARraqJF14DnxPPkA==,1994-11-22
75,75,g5l/m13hxATqHPm4e+z6+Q==,7g7mSESG1euveqofcDhMgg==,"90387 Joseph Overpass Apt. 745, Jacobborough, RI 64578",94390,iPJd1rd/LKabMVJnaTp88g==,1998-03-16
76,76,kFfYdWQc/Ib4vMNFJOwRyw==,6lXpD9e8+AAfc8dzQNUTUw==,"PSC 3967, Box 7184, APO AA 27274",52843,1L+leEQFJAXwFT2PTXj0Rw==,1996-10-30
77,77,oq5dNd5IJqzXRNZAEsJINQ==,ZPJLSnsNJs4rxpCjMkpdNw==,"569 Yang Drives Apt. 260, West Sharonland, WY 06554",63705,V6x5UrIp/yeXniB2wDx9TA==,1999-04-27
78,78,1eRj+nZDk2CwihQzfaqvQQ==,ZwbmFEhy+5HC4MbWBK+bpQ==,"1595 Smith Wells, Ramosside, VT 01615",86640,JIi4MJ39H1nZ9S192My3HA==,1996-09-08
79,79,LzpjRky2xw1arrSj/YplUw==,dQzi2/y6C/0YSkMe2E7AFQ==,"164 Lopez Green, Petersonmouth, AK 80106",78610,9djmXoT48qihSGNP7H8RXg==,2000-12-06
80,80,MCSgLYnjyVhAa8pwMvyqhw==,rtJpmc3jDGzEwoBLHILp5w==,"USNS Bird, FPO AA 98513",75788,XtAtqQk1TaPAhoo/CkSGAA==,1995-08-02
81,81,OwewM1o4wGtLHtNK7owr1A==,P5ON6VAanipV3E/pxmaJJg==,"6180 Jones Flats, New Andreachester, ND 28339",45324,Bp70AIogmkXf5xihLH90PA==,1998-09-02
82,82,64tlMPiNOB0yYS39/55Sdw==,hJv4y2FQ62Gy9pk1UMptqw==,"USNV Medina, FPO AP 50311",74903,BBEFTnBt529JRRmGJMfaNg==,2001-10-08
83,83,bqW5Cq3q+QC6Nv3MGwq+rw==,pBNzRha6nhYMjDFo+PSF5A==,"1096 Nathan Road, Langland, MS 90669",32534,1dVcdj430ieWauVi++Mjsw==,1999-11-29
84,84,yZRbx5OThl5pk486+EwfrA==,onmjaQxwvwo+w7yTde4E0g==,"3546 Hayden Place Apt. 595, Hessview, WV 51766",65613,Mv1HtO9jkqhfIzdExY7lQw==,1997-04-20
85,85,GAWQPFRDlwWKxygN8LKKpw==,F4xN917KJ4PCuNhCrZi9Vw==,"6233 Morris Pines, Lake Ashleyville, ID 54883",20081,q0bZFcxx8COExUm5Mn+PcQ==,1998-10-31
86,86,l2uBpNNbH/PizoPlTcmXpQ==,nnmZBejYbH1IX9CUtu7e2w==,"4917 Morales Club, Rogerberg, KY 08413",02590,L1jicj/SXOzUd6my1GUBnA==,2001-12-28
87,87,L2g8UE9f13f6XBlZiIwJYQ==,BUxOZ3Yy2D2BIif3iIXcfQ==,"670 Larry Heights, East Geraldtown, SD 32333",09704,frbw9EEBLrMIp8+K1LMdbg==,1998-05-06
88,88,NtCg4VsrhbVjeGuW1u/ufQ==,PeQp2pEBqZKkO/zecLMHlQ==,"7696 Mary Tunnel Suite 819, Austinstad, MI 44859",81729,gqCNCdHPbE49eRRzYvvY2A==,1997-01-19
89,89,kitWMUTWDW20I88QIod7XQ==,c4AJ0LwWLfILWT5kMwAf4Q==,"474 Dawn Lakes Suite 990, Fosterbury, WY 51420",73322,Dl2hmgVEJDSvqQVmSYSVlw==,2000-03-16
90,90,31mx4D+FvR2q0+YLt6a2Yw==,mMqk+Ug77hK0JiAxcpIuGg==,"600 Sarah Bridge, North Amanda, OK 74290",49150,mXuaWleCqzGo3A17by2AVA==,1997-01-10
91,91,YZ6LWczmJYSVSmMqgzcrNg==,9JYovxs/9CIJwLRuwxs1oQ==,"7668 Susan Squares Apt. 824, Bautistamouth, TX 40342",10799,3Q6O0WSaALcDOhLd3V1cNQ==,2004-03-15
92,92,gWtXa4MG0MD/nRS1EwS4PQ==,SMxBfKPTUe72xxjmLx53cw==,"37460 Valencia Views, Parksstad, MS 96216",70763,h8j3s8xCRaH+YIMzCmqRFw==,1998-10-11
93,93,nfEhtxubBtS8Ng4ayOo8vQ==,T7+0j74Yelpj0a9qeJztwA==,"138 Thornton Glen Suite 590, South Jacqueline, WV 81899",60849,Ruho047Tcdg0o9Gv2ELBqg==,1997-11-22
94,94,LadRcDLhG4VNcH+Uw6jPhw==,liuLIdlXhROYJsAoxfXpiA==,"890 Sanchez Loaf Apt. 931, Rebeccaland, SD 29160",85641,uLZUKv1ukv7Gh9HvE4VLiA==,1996-10-28
95,95,6VmFUv5ziiSZRLTZhJe5BQ==,NnHJx8LRPQTPdWynbVdLag==,"78822 Chase Orchard Suite 274, New Jessica, NC 36719",62316,kalfpVEW7sv2+Z6ezuTviw==,1998-01-10
96,96,qjajM6ybg7xXzm783I+0ww==,TlzFNTmhPnUuKd0BlwMJZg==,"7004 Kevin Locks, Lake Rachel, NV 81034",11900,CbMNBvR/qSo4v67RHFS7SA==,1999-09-18
97,97,kitWMUTWDW20I88QIod7XQ==,dg8XD3JI9v3t9mYcDt/k5w==,"31548 Michael Isle Apt. 292, Allisonchester, VT 24977",56563,OmblZ5iasMatyoA+B9891Q==,1999-06-13
98,98,b9beX5LjAyGAth2W22h13A==,4vxw9fohleiqIybYRLry5w==,"20755 Charles Landing, Garciashire, CO 32956",65154,ZIe+rELW71QTmIMNdqGuvw==,2004-08-14
99,99,i/14wA3ZCHbYfbIMpp5cPQ==,VRmg9V+EUsUjYAZ4vBJHOw==,"3294 Smith Coves Suite 723, Johnsonfort, TN 02666",62801,L8S81SyY0scuBhrjC7EJhg==,2000-11-20
100,100,XucWgBlEZuEgR9E3HcaQBQ==,NoSEo1wQW/guYH0lehBnig==,"2967 Ball Flat, Coxchester, NH 89632",00649,FtIQyow+qvIgMBxqH1gnUw==,2000-06-08
101,101,FLaiiFR4CA/yWHz/ilobMQ==,LAsmIvszFJD2B/WOM5na4w==,"741 Joshua Forks Suite 951, North Jerrystad, OK 15804",92108,16M+9oAHCruY0BQuKEIklQ==,1995-07-19
102,102,fYib+08TDoYqrtSFKyOFPg==,P0sd0VmQ6NWg4Im3K2EfkA==,"379 Booth Isle Apt. 396, Davisside, WI 96702",85099,6vZgZEeOcbSnXjy9b2U7dQ==,1998-08-18
103,103,0rGrvWW3GHbdSHdLaBMvbw==,1Z2K9zp3P9+PQdxClInCJQ==,"7676 Thomas Trail, Port Ashley, AZ 63664",15420,541CVBZg3OprnYx3fny0gA==,2000-05-02
104,104,KG7C3zSdQYkjhPTQqz+Reg==,nnmZBejYbH1IX9CUtu7e2w==,"0632 Mcclain Harbors Apt. 202, East Johnview, MA 04238",20438,gWDCeL1WOr5wO1Nk/KJung==,2001-12-18
105,105,qjajM6ybg7xXzm783I+0ww==,9caqnWSNh8h1WDOXnu7dVA==,"78671 Jason Fort, South Matthewland, IN 51205",65537,dkPsZPK9qAQpZnLCv0FRwg==,1997-07-10
106,106,FDZ3nOB9OHcIFhLPUIPVZA==,LadRcDLhG4VNcH+Uw6jPhw==,"PSC 4463, Box 5445, APO AA 37180",90241,GNVBzQ/fOgwGXXC1OvD3dA==,1997-07-07
107,107,CL/SyoaNnB6WRJykkWN3Jw==,F4xN917KJ4PCuNhCrZi9Vw==,"7064 Emily Summit, South Christinastad, CT 09088",97463,Wpv2DCI2MZfOj1ZQk2d+5Q==,2001-04-26
108,108,SVvm4OzgDAaeBQg1zXGIRQ==,cIrXmOIg37pU7l1XbD76Og==,"345 Haley Creek, Ayalaport, DE 01077",64019,RUGCb81EOpg+tNyLcKjg2A==,1999-06-29
109,109,b8rWu06v6PCEYrOHQSZp1g==,v35CXA3E0oYRpPcRD5u9Pg==,"328 Paul Turnpike Apt. 197, Kevinshire, WA 21010",98660,ny4AmP8++HSe5hY5j/pOWA==,2004-10-09
110,110,TAv0hWM2d46qLOkAwzb96Q==,cQcOyKVHofYAS36lsD2l9A==,"15905 George Trail, Lake Brittany, OR 47126",07411,S5/HfxmqbnN8P+LfTRku0w==,1995-05-21
111,111,a18u7jVmvWrDK0DfISDYpQ==,8S7KJDpmqRjs6cmN7UUY4A==,"Unit 1788 Box 9024, DPO AA 07045",71598,KY3VHfyutmS46yavVOxB0w==,1999-09-11
112,112,0omwWM8BXx8IUjVerfhjZQ==,V7/j4QcXKdw+lxzViOFClg==,"103 Melton Mountains, Lake Jameschester, WY 84409",07653,5LtlCNRsfOWgP8kkj0tKxQ==,1996-07-10
113,113,JQRNup671HpmtbjTY/UsPg==,8CPovjORTWvay1nC21rrVQ==,"793 Glover Fort, South Wendyland, MD 19147",87154,eOGq6NBoJDejRpoPEreDsg==,1996-03-15
114,114,OwewM1o4wGtLHtNK7owr1A==,mm73gtCCvQXC9ujKwv5sbg==,"600 Brooke Plains, East Brandon, FL 89769",08682,uTF/vSkxyubQKq/5zJ4xIA==,2004-02-02
115,115,i8+atzL/kQBo5wK/A9cQOA==,ri/EkPSabDtgFKFRQ1SITA==,"275 Jeffrey Landing Suite 758, West Charles, SD 81238",29019,6ZRk4rn3Wr7jJKz5/qIDtQ==,2001-05-06
116,116,VxVfP3Jr32qQR1Sq4wprAg==,Rhz7FsnGLXsvDSJdBvIAqA==,"90633 Kenneth Radial, South Josephborough, DE 97764",92623,iLVfejAW9k39BViw3+T4PQ==,1996-08-19
117,117,XucWgBlEZuEgR9E3HcaQBQ==,gLuYytGjZI0Swzqr3u6EQw==,"63617 Harding Vista, South David, RI 95562",22755,Gyw0kJNr/HuqpJ8j7svS1w==,1995-01-25
118,118,UbaQpNRaWhjCrSyq8MAAEg==,AjlrbJ0BI+fsCW6J7RTk9w==,"7296 King Way, Port Rogermouth, OH 49991",74320,Bb7cbflTB6G6q1naa6TOrw==,1998-03-16
119,119,NtCg4VsrhbVjeGuW1u/ufQ==,Oia2a9EHjVz4KFwTUhx55A==,"PSC 7074, Box 5126, APO AA 43491",48636,ULgnK9DCTlA53WmCclGckQ==,2001-06-19
120,120,gWtXa4MG0MD/nRS1EwS4PQ==,1uDebA65Bsg3KzvGLig6HA==,"067 Wendy Place Suite 987, West Andrew, AZ 72493",31248,UuSijdTCBRE0AHJxkaHSYw==,1997-04-28
121,121,4qthc50lfNITrYuCC5a2/Q==,WAs6hfvCG6D8teL8vw+GJw==,"4442 Alexander Rapid, Davenporthaven, NV 58212",13351,w8GKdO6u22qVNRRy4ZAClA==,1994-10-21
122,122,V7lTaYxEFkEL4/HzivhHUQ==,fxT2Y9cYUKFvVGrMlig80g==,"3308 Kent Isle, Richardville, MO 28276",07745,aSQxl7bMU4q+Yipz3N2aSw==,1999-12-31
123,123,8AvbwSLhDT1gnKsuR6zswg==,2Uzy7ZzVgea0RLbpISKgUQ==,"USNV Graham, FPO AE 97391",03272,jxwTj0bilG5H/gAH56mvHg==,1995-03-05
124,124,YZ6LWczmJYSVSmMqgzcrNg==,iKj6/qq/mpAWV4Eik4y3uQ==,"84064 Gross Valleys Suite 940, South Michaelton, SC 66828",71203,8s0au329LtsPTy/kTEhHtQ==,2001-06-18
125,125,s7A21//+ZvxwOaw3KUISkw==,19bzt7qxaUZR3zXouqSM5Q==,"64657 Reynolds Plains Suite 202, Jonathanburgh, KY 63770",57892,xqTXWnQGcxHbl3BN4k4Yuw==,2003-02-14
126,126,qPKGyMfwudYIRKBzUpGVgw==,yR7fr64fYesf6oYFXTFmcw==,"Unit 7076 Box 5126, DPO AA 13716",30738,oRTb5VoywXN0de8A+Nk9rg==,1996-07-24
127,127,62tHSC790e3GXJAG8CF63Q==,SMxBfKPTUe72xxjmLx53cw==,"8916 Patterson Heights, Ashleyville, AL 67972",91850,ZHHEUkoMn65s8ST7jSZRzA==,1995-12-17
128,128,dYpkioJv+WKhVr4icFLbbg==,DZ5r/XtK4XVpO2ZJ9CxTOQ==,"67001 Laurie Well, Jacobsbury, CA 77642",92195,5eR97xnFPBtO2IJsoekQcA==,1995-01-30
129,129,XucWgBlEZuEgR9E3HcaQBQ==,AGg5k1326m1VTwmFG/sOSw==,"6674 Thompson Inlet Suite 499, North Mark, AZ 27912",60585,4ExOWOwReB+kdJ/TiJ8hVw==,1999-02-22
130,130,2iiiK93LyuasNhEl1BeDxA==,nnmZBejYbH1IX9CUtu7e2w==,"18998 Goodwin Neck, South Andreborough, IN 07660",81196,vj8O4RE02NBMWpVwFR3btw==,2003-07-14
131,131,s7A21//+ZvxwOaw3KUISkw==,IHukZ2ffYy9gqwrDrKnkng==,"41920 Steven Falls, Port Timothy, MT 90021",83021,SlSCcaR9aTjwLDXKsORQOw==,2003-12-01
132,132,b39gQNHYXRe8A1ppVYzjSQ==,ULTYlxL9YvXonl2xbCloxw==,"078 Martinez Coves Apt. 365, Alvinshire, WA 97815",26084,sQlGjLC7IEEid45yA6lrvA==,1995-06-18
133,133,scSMXDEhZ9AYprfOYIrVHA==,vrpqwQl126+c6IKxY57s3g==,"7930 Jennifer Neck Apt. 032, Meghanmouth, IA 06766",75123,RRtUa8y3Zf04FFJz9WMxCQ==,2003-08-01
134,134,Mi04P0TicMIUWkLkJXVSlw==,nhuBWHKO4XSTxe5rXvVCKw==,"1496 Winters Plains Apt. 908, Yorkmouth, VA 49453",77315,bI+pwgo4hTV2FTj80abUPQ==,2000-11-04
135,135,P1Fia4KLTrg8qkpnu5Mjyw==,KQPmaIRrwSy8tKRJV7d/FA==,"53831 Ochoa Plaza, Jamesstad, IL 56077",61329,CjVBjVx09QO8ospzbVmd3A==,1998-08-23
136,136,i9phPzQ9nlgiyd7gNdAWNw==,6Pz9TwEfJwXkxllJOmXRRg==,"38411 Jimmy Forges Suite 426, East Gina, LA 44785",02790,HcdcZqEwgH6+5uo75lXbOg==,2001-03-19
137,137,b39gQNHYXRe8A1ppVYzjSQ==,AjlrbJ0BI+fsCW6J7RTk9w==,"467 Christian Forge, New Ericview, VA 08099",84972,nYuB0EOoPnVHYzU0hPYKZg==,2003-12-22
138,138,kFfYdWQc/Ib4vMNFJOwRyw==,c7kIQe0ixUkP33f2Ft3s3A==,"9120 Jessica Summit Apt. 679, North Katrina, NY 87324",28446,Bi0mw0yvgcPPBSD9DmcSyA==,1996-07-08
139,139,0rGrvWW3GHbdSHdLaBMvbw==,VJG3LdjaCOytDFEwKCJVxw==,"156 Christopher Landing, Davidmouth, MD 69769",25968,MumlKqFqJl0zbvr4E4xF/A==,1995-02-19
140,140,4F+x6V6oW5Rj6UQOw3zdmA==,PeQp2pEBqZKkO/zecLMHlQ==,"18525 Alvarez View Suite 277, South Brandon, MS 57922",89312,bIgEotfeggXCyyrOu3rMgA==,2000-10-21
141,141,Tj3vBu0Wt99HqaNiztoMlA==,PX2uQ9H/jwf6WfA8qPlx4A==,"5700 Kristi Station Apt. 782, North Oscar, NJ 24233",13892,JP+OC3WCsfndIfH8xEFfxg==,2000-02-14
142,142,y79bvRTTytROEru24Ennew==,507LgT+beofK1h2Ryh62MA==,"31862 David Drive, West Alexismouth, WY 24505",25150,wgnxWuRoiEj4bjs5S6Ksig==,1995-11-15
143,143,U4j4c2idpI8L/KMP3CG39w==,ZPJLSnsNJs4rxpCjMkpdNw==,"7627 Gabriel Prairie Suite 199, West Rickyside, LA 61669",26650,gNq1uz1gHohZv9FRnwOq6g==,1996-08-25
144,144,kFfYdWQc/Ib4vMNFJOwRyw==,i79buEk9vIl8Vft+ChHsSg==,"635 Daniel Street Apt. 906, Port Travis, NE 56857",01692,MD6CobLhgGnENAhNeSooBA==,2000-06-01
145,145,dHku3IkyoqCuwz9+cTN9Xg==,GAEho2w2vdVFyVZx4GHAbA==,"653 Edwin Point, Richardsberg, SC 49198",13628,h/JwpHoznttnO9FtFhO1XQ==,1996-06-19
146,146,gxONvzk3HpermmMrXMK0Bw==,LGzmLdEMV+KiuHH2xQ4wMA==,"6636 Pierce Valleys, Atkinsonbury, RI 70256",69570,TwBugFhsTQ8fz1CH3KiAwQ==,1999-05-05
147,147,slWIBqUt6qTurs4iJzvUEg==,4mIrQUvCMarF2rOoKFSSTA==,"26895 Tyler Dam Suite 500, West David, AZ 29089",67435,VFm7s3Ndik92Qg2VAxCTdQ==,1995-10-26
148,148,NtCg4VsrhbVjeGuW1u/ufQ==,Xat6YkVLMlu4HqL+/30V+Q==,"728 Jeremy Knoll Suite 825, Peterfurt, AR 89948",99706,lCszL3JXfL1v8MyRHt2i4g==,2004-01-24
149,149,vFid53nBUEnhn0OrEJYnDA==,CnS6hpJa/pbN2MGKHiXQqg==,"860 Kristi Common Suite 615, Anneshire, TX 71576",16594,0Xa+IFaZgCUTKwMyvVyT0A==,2002-04-27
150,150,WKLAG5uImbzbZv/iEXP2/w==,S7svMpMQZ7AHPGAf0ig8iA==,"796 Karl Harbors Suite 430, North Austinton, AL 19290",96192,iPUgemiQc6zhGvQtvly5eA==,1999-10-22
151,151,3fNH3ZHVzUPpRpZYq9WQ4g==,5FzB7lFtKiM87a6nqqKV8g==,"USCGC French, FPO AP 14252",84773,kKuVr6qPlPG3dmtZNtAcqA==,1997-09-18
152,152,TAv0hWM2d46qLOkAwzb96Q==,8CPovjORTWvay1nC21rrVQ==,"953 Joseph Mountains, Charlesstad, WI 50364",95337,4n0EhzinXDqGiR7RsPwA3Q==,2000-03-24
153,153,1EPD4cpYz7wMIJiswUJegg==,PJDAM5yl/a7vVKtGAbroog==,"101 Brittany Valleys Suite 336, Ricardoton, ME 27879",63615,pvuWUK7Wd9AepTKEKLBYzw==,2002-10-14
154,154,1eRj+nZDk2CwihQzfaqvQQ==,4vxw9fohleiqIybYRLry5w==,"90230 Daniel Street, Murphyfort, OR 69590",70704,U68aPCO5A6cUql1VuEOFfg==,2000-08-30
155,155,gWtXa4MG0MD/nRS1EwS4PQ==,CvpLgqit1mYEQumYLC+TfA==,"007 Campbell Hills Suite 338, South Dorothy, WV 04875",43866,iMFKBvc5SgEbwIGCLKR8rA==,1995-06-26
156,156,Tj3vBu0Wt99HqaNiztoMlA==,irZYuq8qZdF0KKJKOExI8Q==,"095 Graham Fields Suite 105, North Johnnyfort, OH 44264",01704,7eqi3Zy58/9O6+X5jLyGrg==,1996-08-16
157,157,7i/O3bltVduhBrQjGB4Grw==,gK/iZaD9kj19Trry+h0EaA==,"9013 Alex Dale, Shannonmouth, TN 12696",09985,XYUm3hr9eCAzNFVv+3Qu8Q==,1998-08-13
158,158,aidROSPDRPYU7fgVG31YCg==,4vxw9fohleiqIybYRLry5w==,"346 Glenn Street, Port Bruce, IN 94130",21161,WCGv9H5DXQUNk7n+/dMlRg==,1995-05-22
159,159,dYpkioJv+WKhVr4icFLbbg==,DYpDgUwUQlmvMeZBp8LKBw==,"141 Martin Brook Apt. 306, Lake Derek, MT 78029",60314,simdyxPZi/lxgsu0z5I0eg==,1998-09-04
160,160,DdaFt8Kt13O4IQCU9SroMg==,s1Z3Vmhfe36hvVoLr0Slkg==,"8178 Weaver Bridge, Annaberg, CA 43148",46334,HU4EVTqkQDw0mFjaXnw46g==,1999-10-20
161,161,b39gQNHYXRe8A1ppVYzjSQ==,tYg/sJRfM0Dg4JZp3XTSBQ==,"Unit 1517 Box 2834, DPO AE 40918",61587,A5XT7sxjMits2StoJli3Lw==,2004-06-16
162,162,kFfYdWQc/Ib4vMNFJOwRyw==,m/1pDebgJqCnlhobmcEVgA==,"3069 Smith Route Apt. 123, Bethanychester, VA 71072",81090,yixv4D3ljxA5qrqkflUypg==,1999-03-09
163,163,bFoMXzcr0P2ZNNwu1C76eQ==,sgdkngiJt612rDj/QpDcoQ==,"USS Aguilar, FPO AP 02396",39328,NuDT8A/VB+MzZWeLaWEy5w==,2001-03-24
164,164,XucWgBlEZuEgR9E3HcaQBQ==,PJDAM5yl/a7vVKtGAbroog==,"31921 Brenda Isle Suite 174, Port Deanna, MA 38795",66461,Un2T6dZ6vPFbvMJNt+s/MQ==,2002-01-14
165,165,62tHSC790e3GXJAG8CF63Q==,OCi9C28VbaFD5ybeMQ06Pg==,"61504 Robert Fields Apt. 398, Andrewsborough, VT 71375",45431,lOOp8Lnz7g5GDaWsTfliPA==,1995-11-30
166,166,q65Gy9u5su9Zq9bPWNPMaw==,SMxBfKPTUe72xxjmLx53cw==,"712 Dennis Isle, East Josephside, IA 52140",01779,WcSLYjIAwdqCZXzEPnue0w==,1996-04-09
167,167,qPKGyMfwudYIRKBzUpGVgw==,Pj+eJpQPxDHaFaZrvDMKEw==,"USNV Miller, FPO AP 71616",86958,EH+8qwBTrK96WCTt+S85tQ==,1999-04-13
168,168,b39gQNHYXRe8A1ppVYzjSQ==,cQcOyKVHofYAS36lsD2l9A==,"303 Wyatt Isle, Port Kennethstad, AL 65339",54310,kmgusd9IQ5SnyvkQPI8suA==,1995-03-03
169,169,Ws1ukspI9TzjmT6fTRhlhg==,NwiujufCyNZiSLtn5WEahg==,"98011 Harrell Groves Suite 275, Lake Heidi, TN 02919",24459,wpQBqItHV+0xNndzgEqANQ==,1996-07-04
170,170,nq2qvMgCKbVD96Z/XsjTtg==,SxAt2cCGINDSu6QwIpHG2g==,"60931 Roberts Villages, Longton, KS 73039",03706,Rpt73dD/bNwRjwNpkhtG7g==,1999-12-17
171,171,BG8AHUF/i3GL/m7CS8HZtA==,PUqGJWK74XP4i8uYlrRAEA==,"2195 Leslie Turnpike Apt. 433, New Christopherville, LA 48984",54275,1Xc/E9TVC5mRjhhTcCXoOg==,2003-07-24
172,172,oXBhVa4T5ubjWZ9kyQR5tg==,AGg5k1326m1VTwmFG/sOSw==,"3302 Delgado Underpass Apt. 780, Lake Codymouth, ME 96660",02010,bHRbhVWeAEyDULhliSkTLw==,2003-06-02
173,173,acp1IVV6+DSo0Oe7DI/l4g==,5xvEMjpdacSROXbz7Q2m0A==,"82710 Thomas Road, New Joseph, LA 57200",28574,Ff36uEnUcEyXY0Y1/oZ2GQ==,1997-07-12
174,174,VHkniBqCM8pSJutVH8kG5Q==,p8nMkEiZAybulCoS5ILDxA==,"54589 Cynthia Oval, Gallegoshaven, TX 48142",93252,osdAJpjiOvc6xROfeSKE2Q==,1998-08-22
175,175,FPyTac9k/rtAWPCMDD126A==,321wRGPesyjo8nsCa0UqtQ==,"0684 Shelton Ramp Suite 572, North David, MT 87967",37662,ey9GUYHMHWojJUPxvh4H7A==,1996-01-07
176,176,hKqPSJ5KRPvFZfu3UHP+WA==,ASmQN0j2tZ9bzhxVZ7MMgg==,"USNV Yu, FPO AP 84962",58962,QKlQQTP4Hi2dc2kbqg3ipQ==,1998-06-22
177,177,diGfiEiWi7yor6yinrSX9A==,8S7KJDpmqRjs6cmN7UUY4A==,"4406 Clark Rapid, Kaylafort, OH 88071",92612,fVMOl7OUmpxru2/cAviLJQ==,1995-02-25
178,178,LAsmIvszFJD2B/WOM5na4w==,Rhz7FsnGLXsvDSJdBvIAqA==,"854 Ortiz Flats Apt. 585, Lisaview, PA 65995",76076,DojG0GfV1r+HOHZBwagYvg==,2004-01-22
179,179,EyYFsp8NEefKzemFKntBsw==,tGURpgt+PmDLqZmqyK9X7Q==,"99443 Holmes Key Apt. 303, South Paulshire, LA 26678",58857,Y7xpwN9v1QnYuP0ocpjr0g==,2000-12-08
180,180,GDzrLoKO4SJ2Q7hkLPyzIg==,PoxTXIF/JsTtO7QJc9fVig==,"2901 Morris Route, Trujillomouth, NE 91761",10633,/HHAuSzVFN3+27JNfXqYzA==,2000-07-22
181,181,nfEhtxubBtS8Ng4ayOo8vQ==,73k2leA++BlSSyuIBROPBQ==,"4713 Hunter Road Apt. 885, Steventown, MI 95542",60121,dxNSw2I3+dxXDa3qjWc8QA==,2003-05-31
182,182,VHkniBqCM8pSJutVH8kG5Q==,gP7U3PywF4KBDTQ8Y9bgcA==,"337 Jesus Ports Suite 673, Robertsonside, NH 62468",18170,MpXbaBWZygIM2YUHr2BP9Q==,2000-10-22
183,183,4F+x6V6oW5Rj6UQOw3zdmA==,TsxH0hY0Up71os191SgxrQ==,"396 Stephens Corner Apt. 386, West Christine, WI 12894",87164,pw2+hX6b0geRyUcuI8Iu0g==,1996-11-14
184,184,021C+cv/Q2wSU67GmiEHCA==,L1oO/zhZCD1j5c9UFOzk6g==,"20987 Cole Ramp Apt. 368, South Kathleen, AL 60041",86552,CPaeRGwbLfs5l39oK4XIxA==,2004-02-03
185,185,VHkniBqCM8pSJutVH8kG5Q==,PJDAM5yl/a7vVKtGAbroog==,"1708 Jonathan Squares Apt. 195, East Christopher, KY 40441",26052,wQwm6oR7q1vFGHx9b3y4rw==,2000-07-13
186,186,MKolDYeQTeExoeH613vZug==,4rZBUdH63HRVQYDQsHmqig==,"8976 Stanley Ports, Josephburgh, ND 79054",25208,GcOrxVI2z6Iiwh62pWKwqA==,1995-12-14
187,187,b39gQNHYXRe8A1ppVYzjSQ==,VMRkt6jhYTbcICwSmay+VQ==,"6513 Chang Highway Apt. 216, Briannaville, VT 71539",50525,kIgPY/QjMVZ18YLKmiEirQ==,1995-11-14
188,188,LGzmLdEMV+KiuHH2xQ4wMA==,WOGlCYGOclEKvsj5OMDz1Q==,"758 Stephen Gardens, Sarashire, DC 35796",89283,4/KSFIBpdgvsTu6bBPnjUA==,2003-02-27
189,189,Cxi/QSkSUyuT+MaCGqqvyA==,FPyTac9k/rtAWPCMDD126A==,"0862 Juan Viaduct Apt. 710, Port Joseph, AR 96450",48027,6dJAchhKqY/MJSF4xxk+iw==,2002-03-17
190,190,3Y0IODe2A+3iYt08F3vNGg==,4vxw9fohleiqIybYRLry5w==,"034 Sharon Island, Lindsayland, FL 54294",04104,kXKsN2B0XT8akpxE4rzamA==,2002-08-09
191,191,EyYFsp8NEefKzemFKntBsw==,qZk6lQSAGV1KVhWQvdpDAQ==,"9802 Peterson Village Apt. 217, East Ian, FL 12644",68773,6zDh51G8hTvapYaaSHaY8g==,2003-10-20
192,192,D8jGiEazFE+Zts8VHBwXQg==,PJDAM5yl/a7vVKtGAbroog==,"72165 Harding Keys Suite 296, Ballardfort, WY 28095",00614,qy6IlU+xbdhlcS/1SSkKJA==,1995-10-30
193,193,m4GEytb5z8CSgbuAplFhLQ==,P0sd0VmQ6NWg4Im3K2EfkA==,"53593 Anne Junction, East Charles, TN 33161",13814,jayahM8GAaTSrOtksgw7sQ==,1995-05-13
194,194,gWtXa4MG0MD/nRS1EwS4PQ==,hdmeeZagGFle2yvCRWH0DA==,"19155 Michael Tunnel Apt. 161, Salazarborough, IN 27683",45523,CCjTha2BP0RXDefyTjEG4Q==,1997-07-02
195,195,P1Fia4KLTrg8qkpnu5Mjyw==,tZRXQZRVrvS4tb1pZVo5PA==,"51070 Danielle Alley Apt. 072, Lake Jacqueline, ID 86991",97333,/PHAfMuVkzDZkhxuRns+5A==,2002-02-22
196,196,slWIBqUt6qTurs4iJzvUEg==,5Owec+DZhYrd+JS4s3ZdsA==,"19051 Steven Islands, Castillobury, WA 70610",68593,T7JEOYaMfgKOmmJoh5bq+A==,2000-05-18
197,197,Tj3vBu0Wt99HqaNiztoMlA==,gAbCBBcbxTjCmdhBFHWEhg==,"PSC 5494, Box 8796, APO AP 61368",08610,Dn1WQ8KRP58KX5NiYu+9lQ==,1999-10-16
198,198,gQqf8HnKqs5jim6wriUHgA==,rHuGu+0cihItTMnIcn2Pbg==,"6423 Davis Course, New Laurie, NM 91243",12366,Ufaa2ovpRfkAa7j1WnQ8DQ==,2000-03-11
199,199,dejmgz7gBdeH2Bp2yaKV7A==,I1uqiKUVMbRIS61mVgY75A==,"456 Jennifer Manor Suite 187, New Johntown, CA 87360",51673,wV5EBPXOEEEGH+/817fkog==,1998-05-16
200,200,h50rxjHy0JqBDoUoh/HsAQ==,klTQg2r5CqcnLfLT0LYUCQ==,"096 Logan Trail Apt. 068, Beckyton, NH 56734",11032,Zv7rEIZoVqxOAkw1mvZ9aA==,1995-04-20
201,201,/kL+QQhY/8stQXJQqci6Kw==,b5c6w6qZ/Le3Ptuo+p4JLw==,"25983 Vaughn Village, East Cynthiafurt, ND 89605",30410,Ibw/WYu43lbyijNHnN5rig==,1999-05-20
202,202,0omwWM8BXx8IUjVerfhjZQ==,JU+YXNYW7xa8cwadO4YA9A==,"6341 Hernandez Plains Apt. 229, West Jamesview, RI 80698",30808,r+YeaJsUgIiS+bDnIe/BiQ==,1996-11-13
203,203,cp5x4lzLvV39iwNiMinnNw==,73k2leA++BlSSyuIBROPBQ==,"04641 Maxwell Road, East Tammy, KY 51927",87809,X2jy/0QLn/CgiJHCx6QiPQ==,1999-06-11
204,204,RVd9kowk5jlKH24BzzAYdA==,Pez0x9wD9YPtaslOpSn0Lg==,"28203 Phillip Turnpike, West Codyside, WA 31304",12399,XKruD1upzlNx0Jzh/vauVg==,1996-10-13
205,205,BSTQrA5GN2fvJBOyGFmZng==,t0yZsDYnRFVW3rimmhXY4g==,"8742 White Cliffs, Dylanborough, MN 47170",38697,LmAsFeG9vk1EK3/qgViAYg==,2002-09-08
206,206,NwiujufCyNZiSLtn5WEahg==,SyJ/vO9Oju1VWFdCArA2JA==,"PSC 3532, Box 3888, APO AP 49526",88684,8FHyssZAM2vyflYSwkZs9g==,1999-02-22
207,207,UqMXfxhWEpSiwoatcv6UFw==,tZRXQZRVrvS4tb1pZVo5PA==,"7839 Washington Ports Suite 747, West Nicholasville, CO 75000",30081,kxnFBxD+vVHLE0f28Bs1mQ==,2000-01-08
208,208,XPIZL/z3ebMhdasNTsOzaw==,jC3m3lTX8BXc9Bzs/2BkrQ==,"17899 Valerie Orchard, West Robert, TN 12516",08617,sdTqVimZtO0luC/C5Lh04A==,1998-09-23
209,209,zdThKo5JPydIHUk2NexNVw==,ZDU/b2vC5JWOc0+WeV4SVA==,"0420 Kathryn Prairie, Christopherbury, VT 67265",97233,ycpbLknRxlhyJ0RuRAGBKw==,2003-06-17
210,210,LzpjRky2xw1arrSj/YplUw==,8AvbwSLhDT1gnKsuR6zswg==,"10308 Larson Land Apt. 672, North Ryan, IL 74884",61538,MvHRj19UAq0PJrDKO/SHOQ==,1998-11-04
211,211,rOj5aBA6Jrm0CioGhWmXDg==,v5FXE3lo2t0dVaDz+fq/Qw==,"60693 Jennifer Bridge Apt. 295, North Ariel, WY 71652",67728,Ulfu54XEaMyeCkE8//JGbw==,2000-09-07
212,212,EyYFsp8NEefKzemFKntBsw==,4muNvuRWax9vD67ohD77yA==,"835 Parker View, East Michael, AK 14219",65665,4PYB3friUfLNfU5Cjq0vGQ==,2000-01-27
213,213,nBALA82IUCefb35Fo2VoCg==,kKEzYWA+sBgHlXFeCO48HA==,"1045 Davis Square, Lake Robert, LA 11308",30892,Dl3UxyjfZRzNj+20PN9qoA==,1996-11-11
214,214,qDAw7ztfFacnk/7nAx0/mA==,QJPPX5nNA0DwGVOTFibkXA==,"7913 Todd Flat Suite 215, Meganfort, CT 68747",36353,IWAvXgfJ6Hw+gVgBYGySsQ==,1998-09-03
215,215,NgwkjfU/sESSx/LZDCkwpw==,kzls0A7ZCcGw4QsgUcdrTg==,"86316 Smith Prairie Apt. 035, Ramosville, MN 98444",76562,oIFMfjdcP5Xeti5+0KJAiQ==,2002-12-04
216,216,aidROSPDRPYU7fgVG31YCg==,BSTQrA5GN2fvJBOyGFmZng==,"41369 Clarke Viaduct Apt. 628, Turnerfurt, RI 74021",31380,hlKXNdWdkqrMGd3XbWs8Ag==,1997-09-09
217,217,BG8AHUF/i3GL/m7CS8HZtA==,h92vrCRWiDG3WiHlpIKI6w==,"58951 Monica Well, Davidside, LA 28935",24861,xs566+sNjMaNzc7mJV6OOA==,1999-02-18
218,218,cPLpmSy23XcUtk8Ra5xArg==,67MwBhT8Ep7HpqO4B2juwA==,"97958 Laura Ville Apt. 904, New Andrew, VA 94613",35965,0uVtSn5UJO6Vvw6e/snZVA==,2004-04-01
219,219,MKolDYeQTeExoeH613vZug==,zmc53cBOn4bIv2HqiaUOyQ==,"404 Cassandra Spurs, New Daniel, AZ 85760",30680,hgK4ITWF5r2KUQOj3dawtw==,2004-09-05
220,220,8CPovjORTWvay1nC21rrVQ==,eiNai6L6+yiPmLwJOQQ9vA==,"12460 Ann Wall, Ramosfurt, NM 76848",08364,ZDP9uJsuIL/HCH0y26J29Q==,1996-02-25
221,221,VHkniBqCM8pSJutVH8kG5Q==,KGeY8AQGyaN/mlQKKNLwlQ==,"99274 Ryan Lodge Suite 956, East Kevinshire, NC 38678",06784,d9tLFkYM2GmhIhfl/r9+iA==,1999-10-14
222,222,GDbAgop4b5UkvfALUGH+KQ==,pBNzRha6nhYMjDFo+PSF5A==,"636 Edwards Shores, Toddchester, LA 54072",84970,qcKJokRwukjDKbl55XjmjQ==,2001-12-05
223,223,VHkniBqCM8pSJutVH8kG5Q==,kTyMD5iIR9zFn/862O+Rgw==,"928 Taylor Trail, New Tammychester, ND 25365",75645,6NAkPcS7ib6/ldvllePJKA==,2001-05-20
224,224,64tlMPiNOB0yYS39/55Sdw==,kKEzYWA+sBgHlXFeCO48HA==,"597 Griffin Via Apt. 303, South Raymond, OH 25516",22396,O3CTvAAd/dbPvTLY6yhnqQ==,2001-05-13
225,225,zE8VWCvimnayxGmhhz+y/A==,WAs6hfvCG6D8teL8vw+GJw==,"61679 Scott Union, New Joelburgh, CA 03960",12352,rw4T/nwg0yLQ/UPOVIksJw==,1997-07-03
226,226,Tj3vBu0Wt99HqaNiztoMlA==,WXH0at5xgdbqF2iMe+xx4Q==,"9845 Watson Junction Apt. 041, Andrewchester, DC 69475",07856,9f4CieYpWnUFyBZiWtnOAA==,2000-01-11
227,227,9wE+zsF+0zlCREk3xNWDRw==,iKj6/qq/mpAWV4Eik4y3uQ==,"42759 Andrade Wells, Port Anthonyview, NV 03834",60264,kQ7B5hEWEQsUFOzMZOfvnA==,1997-09-16
228,228,q/ljoMdzMeL18cpabV5SNQ==,hdmeeZagGFle2yvCRWH0DA==,"6051 Powell Gardens, Gonzaleston, LA 10044",13068,Y2pqnmpuRzqEkxvoIz2dpA==,2002-06-26
229,229,Tj3vBu0Wt99HqaNiztoMlA==,tTpZXdO+SjUaQgqGTqc7yQ==,"155 Adams Prairie Suite 000, North Maria, ID 28806",10558,QS0BeSkDIXfqyXQzi1CCYA==,1994-12-19
230,230,9g77uL/jTtiHHlKcEOo08A==,vHXC8RBG/SN6nMa3o/AHRw==,"9762 Brent Brooks, East Alexander, GA 52486",38684,MuqJZJCSNt8A7oHdDSEBIw==,2001-05-04
231,231,VHkniBqCM8pSJutVH8kG5Q==,wcE8UWOm00WlruZap+db7Q==,"47135 Frank Mill, East Josephfort, TN 16147",79322,yVB1e2J/UFWY/MWORh+yRQ==,1998-04-17
232,232,A7IlBYmvRMHLcNvsHR3yYw==,P5ON6VAanipV3E/pxmaJJg==,"083 Daniel Extension, New Lisa, MO 18270",70815,Wlta3c2Mo7fr7aDz58d4DA==,1999-08-11
233,233,5MYYP/y/namGoyO9cb1m5w==,mm73gtCCvQXC9ujKwv5sbg==,"8989 Michael Mountains, Port Taylorport, MN 97051",20609,ghzJqoX2njkvFKw3fwhvPA==,1996-03-23
234,234,D8jGiEazFE+Zts8VHBwXQg==,AGJiD1N2ghqAhC21m59QAA==,"968 Alyssa Plains Apt. 423, South Christopher, MT 24710",44528,y7foyIgefXP8e6VhNTJaug==,2003-03-06
235,235,xj7TJYeNZ8/Gz5FRZfDroA==,T3auf+uxJ2Ef4SkzBxXlxQ==,"797 Madden Common, South Aliciachester, NY 68945",20127,L8/60so8bO8JXGwEG+D0Ig==,1996-10-20
236,236,VHkniBqCM8pSJutVH8kG5Q==,sIdowPnf7gpk9HtvBHNbZw==,"6318 Christopher Motorway Suite 981, West Nicholas, VA 83919",51607,HdQLIoxeWzjfXCte+m8gfg==,2004-09-01
237,237,gWtXa4MG0MD/nRS1EwS4PQ==,NnHJx8LRPQTPdWynbVdLag==,"80695 Gonzalez Route, Danaview, TX 28443",30316,eFesjO6905HmRH5yysHFSA==,2000-03-24
238,238,Wu78sl2rzGn/pSBKgYoIsg==,SMxBfKPTUe72xxjmLx53cw==,"1682 Mccullough Mount, Joseport, AR 22374",25293,pNB7LbHf1QcsQWUtjHkYdg==,1998-08-22
239,239,LUoyiQfpoBIjm00Kb+eV5w==,FY/e4Jd1Zq9uASazxsomIg==,"73592 Kevin Street, West Mark, CA 19097",84258,XDoAMSGUGAFWZmfPbD3OjA==,1995-01-14
240,240,b39gQNHYXRe8A1ppVYzjSQ==,IDs6iPIGvECJksymoNUZdA==,"54561 Benjamin Trafficway Suite 150, Michaelchester, HI 51085",33647,m3BOR59sPIp9p3A3awHqfg==,1997-05-18
241,241,Yt85zBoAxw4LQPnW/N781Q==,S6WGf1793Nib54bEaTIung==,"12730 Jerry Shoal Apt. 512, Juanstad, NM 36497",17112,RcGcHIBgSIK3GZWUjfY80g==,1999-03-30
242,242,5Nz4FviIaINOl68Lg429Fw==,1Ms4bVHSEu7PQv1MSjqRBA==,"52533 Casey Shoals, Julianfort, NV 51780",53306,CFBTmigLjxWMH8bM0aNZRg==,2001-03-06
243,243,M8wG7BsHj9RzXdRthWbRAA==,SVyfYkmFkcmSJAmkMLB3bg==,"8355 Wright Row Suite 222, Josephshire, SC 97546",24757,dcugMZJGTtX4tY9Bdxb1aw==,1998-09-16
244,244,LAsmIvszFJD2B/WOM5na4w==,73k2leA++BlSSyuIBROPBQ==,"12968 Dunlap Mission, North Ericmouth, AZ 39606",62679,m+tPAKu/uW8jHDgChwaRrw==,1998-04-10
245,245,q/ljoMdzMeL18cpabV5SNQ==,dQzi2/y6C/0YSkMe2E7AFQ==,"1617 Myers Junctions Apt. 468, Heatherbury, TN 35142",10160,cf+8Jz9JYHeVLlR/lWbxMQ==,2002-11-09
246,246,J49G4rhFIKOQjqAIhPVPUA==,LImus0LKGr2NyARbvERFDw==,"Unit 3439 Box 1278, DPO AE 23459",90971,X3tqj6/86BBKXJ2QL+9KgQ==,2004-09-16
247,247,xZ0+/WZY4FTo8sClykPAhQ==,MAxs2u6tb0JPaoqcA0vysA==,"82358 Collins Turnpike Suite 374, North Christopher, AR 24406",86911,RVWISZ9z4ILMne1Hp5Q6LQ==,2004-10-08
248,248,A7IlBYmvRMHLcNvsHR3yYw==,VVQzu6aYd+JMCxfSXKQjQA==,"USNS Potts, FPO AA 19090",70748,zG3Bp7bRFQpvCs3HDEG+kA==,2002-08-01
249,249,XucWgBlEZuEgR9E3HcaQBQ==,SqwBl6Mpwdt/Z3OLPJ3y7w==,"26521 Rebecca Meadows, Lake Robertton, MI 45373",66687,XsSalhqXaFjcSqnZmAuqzw==,2002-02-27
250,250,0Xf2mz5Y0zk9jeLtPy/1vw==,YYK4ay0b7izqVkCsZNTciw==,"29655 Erickson Cove Apt. 753, North Meghanhaven, AK 65211",39945,hD5yMMZz//7CDlaobN6IPw==,2004-02-23
251,251,eZXkZVnNStEGfVl3mXhfsA==,321wRGPesyjo8nsCa0UqtQ==,"0592 Johnson Underpass, Peterfort, MO 23678",29499,uavSkDVVgasGW0z2YNNaOA==,1997-01-21
252,252,q/ljoMdzMeL18cpabV5SNQ==,EvPMB3EdAXIVdGtoNexT3Q==,"0370 Hunter Turnpike Suite 751, Paynebury, AK 87812",04365,TtNjGOjwF0UTY81kWDGaig==,2003-04-30
253,253,NgwkjfU/sESSx/LZDCkwpw==,321wRGPesyjo8nsCa0UqtQ==,"7307 Nicholas Rest Apt. 896, East Kristinabury, MO 12996",98434,Cu28AGea9gREYV1L5Oub2w==,2001-07-30
254,254,qPKGyMfwudYIRKBzUpGVgw==,L1oO/zhZCD1j5c9UFOzk6g==,"613 Curry Flat, East Anthony, VT 32324",90496,qcPMByUQWFgvP29cgriACA==,2002-04-26
255,255,vFid53nBUEnhn0OrEJYnDA==,rWtjjzFCcBsUbr1y5cMJSA==,"PSC 9850, Box 0119, APO AE 40343",09387,E0GquMGAs9qpZ8YFmvMuJw==,2000-01-19
256,256,Wu78sl2rzGn/pSBKgYoIsg==,l+YaDIgL2np7/E+B2rOmZw==,"4577 Hughes Light Apt. 099, Meganchester, WI 53524",13604,LdjayDchktR6gU/UXsXdcg==,1999-09-25
257,257,V7lTaYxEFkEL4/HzivhHUQ==,j3OeqkHjf8983k0cUOKjhQ==,"857 Darrell Vista, Cabreraport, OR 78754",22933,u0e9hCwZLbTfgDCgU7C4ug==,1996-01-01
258,258,vFid53nBUEnhn0OrEJYnDA==,XL+zaMM1B8d7uOFdsIAc2w==,"7841 Dominguez Shores, Rebeccatown, ND 71788",94218,Hg3Illl2s+2YRx/Ny6WcxA==,1997-08-27
259,259,xj7TJYeNZ8/Gz5FRZfDroA==,E77dxauvrFtG+WDvWaZr+Q==,"976 Charles Junction, Reedville, OH 86726",78927,gIZYbqU8uuaLPjBRHs45Cg==,1996-12-02
260,260,FPyTac9k/rtAWPCMDD126A==,BgtsZXA92MOFGwYiSrJrVA==,"88635 Jones Meadow, South Robert, MI 47927",40173,lyag7tgmH0bSlZZhQke0Qg==,1995-08-29
261,261,scSMXDEhZ9AYprfOYIrVHA==,dQzi2/y6C/0YSkMe2E7AFQ==,"620 Monroe Summit Suite 432, Heiditon, OR 13200",92795,iOyA4shEYI+ZaHI6bd7YTA==,1997-05-14
262,262,b39gQNHYXRe8A1ppVYzjSQ==,EvPMB3EdAXIVdGtoNexT3Q==,"USNV Boone, FPO AE 73576",52100,qovkLv2AqRykdfosbPqbSw==,2000-06-12
263,263,uuhhneYHCBf/EyPQNc98Yw==,rh1uxWB+C5Rmc0MPuCkR3Q==,"806 Christopher Ranch Apt. 422, North Davidborough, MI 08291",04015,RchwiXkTsBneynmhtCjUZg==,2001-02-25
264,264,nVpXJ0LbkLR4OPiLY3LDrg==,PJDAM5yl/a7vVKtGAbroog==,"773 Garrett Stravenue, Lamfort, RI 77923",59362,FSjcFnqb/41+XxnuWwpoFg==,2000-07-02
265,265,021C+cv/Q2wSU67GmiEHCA==,K6hGfbtjaFlRom4TW0fIcw==,"2934 Christopher Centers, Andrewfort, KY 34350",67588,cpHKbtJT+W3g2XAPgG//6Q==,1995-04-17
266,266,fYib+08TDoYqrtSFKyOFPg==,omNa9TxvEL8XG6QDWdozBQ==,"09906 Alejandro Point Apt. 471, Amyland, NV 76605",35576,Jl7iDoOcPGQSulEXlDbA2Q==,2004-03-20
267,267,Tj3vBu0Wt99HqaNiztoMlA==,tll91X9uH00uej7NlOSBfQ==,"47475 Gina Pines Apt. 744, Port Danielland, MN 29885",32128,FslFNbh8i3GhWyFhKUjiIQ==,1997-05-31
268,268,rNxs2mW1xlXGR74DUHT5BQ==,WY2+C+uHhDfvprMRmWaXNg==,"109 Howard Island, Butlerchester, MI 27250",66576,EJYBJMzkhkXUNmT/dN3AWg==,1999-03-30
269,269,slWIBqUt6qTurs4iJzvUEg==,8nR+ZB5Gh16wRzKkua/cJA==,"4566 Thomas Trail, South Robertmouth, LA 57831",32638,0y7djiY/UaeLs4qSbjciEQ==,1999-12-31
270,270,Lh8kaNDNg1SOjIFC8tzqTA==,ri/EkPSabDtgFKFRQ1SITA==,"7518 Danny Via, Lake Ianmouth, MN 98078",47836,NDWVkdOJvhG1TKkXYXjxVg==,1995-09-03
271,271,XM804bspVgTkH+PoTTTChw==,nnmZBejYbH1IX9CUtu7e2w==,"891 Charles Spring, Lake Aliciaside, AZ 03175",82342,im2elzlLr2QV0GEK5z/9ww==,2001-05-13
272,272,yZQNk7LM4w3G/jAHd/k9SQ==,PJDAM5yl/a7vVKtGAbroog==,"44719 Johnson Shores, Stevebury, KY 13745",54839,2LPUjw007kqo4W1bTlN8Ow==,2001-03-01
273,273,aidROSPDRPYU7fgVG31YCg==,s1Z3Vmhfe36hvVoLr0Slkg==,"737 Jonathan Rue, East Gregory, SC 76662",37799,/bn26V4pTXNyjxNLa2koaA==,1999-05-23
274,274,kPPoM4hZe2UtgmOR43GL4g==,VNIsUJDnIdALzuE8nECtJA==,"9275 Connor Branch Suite 927, Duffymouth, ND 11635",29054,SOWHUIlZl6/mfnYsT1uh6Q==,1999-06-09
275,275,9g77uL/jTtiHHlKcEOo08A==,PJDAM5yl/a7vVKtGAbroog==,"263 Alexandra Drive Suite 279, Stephenberg, MA 96187",71752,nQNCBhWvPnpw3u7BRCXGhQ==,1996-04-03
276,276,22YNPomTcnLDUlQ6URcs1g==,l2uBpNNbH/PizoPlTcmXpQ==,"43075 Coleman Mountains, Emilychester, CO 36622",32748,89mPOwBMkbuurLKbgcKBeg==,1995-07-02
277,277,VTJDrpck1bOyGC6q/beLNA==,l81euNt0ejvjmXqx85XlHA==,"332 Villanueva Lodge, Dayshire, MT 73387",95026,QsM5pLl3N7B7GTP0uk1Hig==,1994-10-31
278,278,y79bvRTTytROEru24Ennew==,Zq698LqosVQUxxHgmOmI9w==,"69376 Robert Garden Suite 841, Johnsonbury, IA 86869",39005,XnQFW3on5eUTOSSBDVAgZw==,1999-03-21
279,279,cumBAtYkYr8d5CaWQ/3KEQ==,9caqnWSNh8h1WDOXnu7dVA==,"022 Mark Locks, Jacksonberg, TN 07795",19453,mnEx2XfIZTpnEiPNpxcyVg==,2002-01-08
280,280,VHkniBqCM8pSJutVH8kG5Q==,SNXU/0PAwvu13xVcHwDXXA==,"81114 Elizabeth Glens, Schmittmouth, DC 61866",57258,DhiTle4kZNuJCLqqZ1MqtA==,1994-11-12
281,281,64tlMPiNOB0yYS39/55Sdw==,L1oO/zhZCD1j5c9UFOzk6g==,"1400 Goodman Vista Apt. 626, East Ellen, MA 23408",83643,GqGf5xNR1myFlSKwibFNgg==,2002-07-02
282,282,T2FJNL+dnQWUJ1+mYLOi9A==,gQAMItUjNVefuMhQTFMGog==,"690 Annette Station, Matthewchester, AR 24340",14216,rYnncd47oeEF/Mq982KI8w==,2002-11-27
283,283,OwewM1o4wGtLHtNK7owr1A==,NnHJx8LRPQTPdWynbVdLag==,"72483 Estes Tunnel Suite 382, Gutierrezland, NH 49094",52674,JtAEPoz989RLCTFsFPZfPQ==,2001-05-12
284,284,9JYovxs/9CIJwLRuwxs1oQ==,h311boN6qsYzG57DaabeRQ==,"847 Branch Green Suite 637, Jameshaven, DE 97932",58528,bYmOg38gvgOcsGlPMtgEMQ==,2000-03-08
285,285,xDDvwFPkcUDHIz8ZBe+1Lw==,zIujkxuOaB/L6hWUVJU7IA==,"3431 Jason Drive, Lindsaymouth, RI 73767",23329,HbmPFM/aTW9y3K/JfdIHdQ==,2001-06-04
286,286,NtCg4VsrhbVjeGuW1u/ufQ==,LVMW8cgPSoaDwPPdKgWZiA==,"921 Breanna Islands Suite 580, Jermainefurt, NM 61227",81699,oqut0OIUEjtVemy3X0s53A==,1996-05-08
287,287,D8jGiEazFE+Zts8VHBwXQg==,tbE/2wJw5awIYP/Jqe5Dsg==,"9640 Hobbs Keys, Lake Patriciastad, AR 36279",74537,5Fsz+CZRT2VoFu0Daon/xg==,2004-06-05
288,288,hKDk3mcXN+M7HFBrAE2vDQ==,Oia2a9EHjVz4KFwTUhx55A==,"USS Bell, FPO AP 02294",16140,bcppBhZzrYfVuH0CKy+x0A==,1997-11-28
289,289,ZTsaLNUETunoqKXGM6HZ3Q==,hf/G1Yil1EtrXktBgsK/VQ==,"5321 Nichols Isle Suite 803, Ellisfurt, ID 69597",67995,ZChrrwkw9wyT2xYC326qig==,2000-06-17
290,290,lnWIVaBdtG92B79Yq/x0Xg==,PJloKe4HLv6cbzj+rBPNfQ==,"895 Samantha Islands Apt. 426, New Nathanville, NV 69707",07091,ZCQp+gOluypOHHOkthHFoA==,1998-02-08
291,291,KG7C3zSdQYkjhPTQqz+Reg==,z9q2788WIF4ZDvveFNoyWA==,"35963 Joshua Cape Suite 877, East Cynthiaville, WI 59630",89171,HHtt/HdqH+q7i0r8NL5g4w==,1995-04-18
292,292,Xq6PMmAJfqinCRCiqFpcgQ==,dQzi2/y6C/0YSkMe2E7AFQ==,"09630 Reyes Freeway Apt. 042, Aaronton, NY 99714",69255,aXPZ6osvofTNMZiPF5zrrg==,2001-10-10
293,293,0Xf2mz5Y0zk9jeLtPy/1vw==,2AJeCLLTZnys7GXTRajeBw==,"7142 Tiffany Path Suite 459, Stevenburgh, FL 21039",66733,L4dKEzHZbd1qRF6hKAz5oA==,1998-12-07
294,294,dzLfN+eTD2FLNi4ie+jdEg==,PJDAM5yl/a7vVKtGAbroog==,"USNS Young, FPO AA 01438",53950,QeUccC6dYHoBPIM3Gtp5rg==,2000-10-11
295,295,VxVfP3Jr32qQR1Sq4wprAg==,p8nMkEiZAybulCoS5ILDxA==,"3626 Adam Flats Apt. 399, South William, NE 89658",06441,MAFXDtSsamzinNxxwXh/cg==,1996-10-23
296,296,l2uBpNNbH/PizoPlTcmXpQ==,7g7mSESG1euveqofcDhMgg==,"22321 Ortiz Gardens Apt. 452, Lake Jacquelineborough, FL 60292",27925,+cxeBbQQCp/i6GlNGEyfsA==,2003-10-25
297,297,HopgjDqAVC81s2+w7eQC2g==,CKSUP8jGSQAHRtdqTQvGdQ==,"7715 Ford Dam Apt. 878, East Ronald, IN 01140",54292,yhhwiD9g5FSb8RMm6mVexg==,2004-05-20
298,298,hKqPSJ5KRPvFZfu3UHP+WA==,mLpHvwFD8FmI6HnQD9b/6Q==,"PSC 1725, Box 9507, APO AE 11130",04420,I290YkNVpNiQRaf4XMGn2w==,1999-08-26
299,299,Rs/gW8QbgYI0wwhqqPuXYg==,03ecBX3fpJHSoS24H3JvNQ==,"108 Marshall Crest Suite 491, Hurleyshire, MD 71760",57518,Kp7tOIzl0keHY+kRWfHDEw==,2000-12-10
300,300,l2uBpNNbH/PizoPlTcmXpQ==,LImus0LKGr2NyARbvERFDw==,"68606 Cook Course, Johnsonfurt, AZ 33315",55775,fYT/6nAPJpvbWFGWLjDgnQ==,1996-09-17
301,301,slWIBqUt6qTurs4iJzvUEg==,6Pz9TwEfJwXkxllJOmXRRg==,"231 Todd Pine Suite 618, Benjaminmouth, OH 15319",28132,NbaTjs/1F5f70C5qtgYjJA==,1997-03-27
302,302,Q375g+cgpKxcWJE+EIfw7w==,mm73gtCCvQXC9ujKwv5sbg==,"PSC 7725, Box 0420, APO AA 21037",83868,+wKBGE/UlFwxUWKoXx9UAA==,1998-01-24
303,303,Tj3vBu0Wt99HqaNiztoMlA==,VZJUqkfSDSUdoaukvuoWxA==,"8884 Mills Brook, Lake Teresahaven, CA 77387",14721,ShhtHBT8VP5TgheixZxVXw==,2004-02-17
304,304,PII3qxZRVaoG78U4EY1vUQ==,omNa9TxvEL8XG6QDWdozBQ==,"4797 Cross Glens Apt. 996, Port Gabrielshire, NJ 71661",09703,HaN4x7UsJ+M7ZAhfVc5JBw==,2003-05-05
305,305,NtCg4VsrhbVjeGuW1u/ufQ==,anRRQY/sZthg5WJvch+qbg==,"0976 Holt Lake, Savannahburgh, MO 64095",12089,RoTOb7TRcS0I+l88bxS2qQ==,1999-09-06
306,306,Lv1UGr81QTpeiMX3mwTM0Q==,Oia2a9EHjVz4KFwTUhx55A==,"267 Booth Mountains Suite 368, Shannonhaven, ME 89608",40166,kaNsQzMkdRfEby8kGXrNFA==,1994-10-26
307,307,0Xf2mz5Y0zk9jeLtPy/1vw==,YxE16Wv0APuL/PcZEXI/XA==,"62920 Michelle Streets Suite 339, Turnerburgh, HI 63619",28749,2TzlqZ3CULnDo7j3liuesw==,1997-04-22
308,308,eZXkZVnNStEGfVl3mXhfsA==,60hOW1i6b+JW3u+ItspSzg==,"0168 Woodward Rue, Hughesport, MI 06952",39819,gXOAMkb6Gb7m53/F4rsuMw==,2002-01-21
309,309,3FmlLWvqrVIDD97TIN+z/Q==,N6i45oYu8Aga+VRSSF1ltg==,"78404 Pamela Common, Obrienstad, MS 55465",95040,ubxGUG5eL/k++j1+dq7oNg==,2003-11-13
310,310,LUtUNgKwC/6tOPTkwgFMfw==,kKEzYWA+sBgHlXFeCO48HA==,"09238 Nichols Green, Valerietown, NH 96421",51449,iW34SJN+Gkdcx9LbI/2dGg==,2003-08-07
311,311,5MYYP/y/namGoyO9cb1m5w==,MLmhCOq6PnxTDoIxLkYH0g==,"6361 Christine Knoll, Nelsonburgh, CA 96318",15410,cg4N1EXu84sNyzTMBIvuPw==,2004-04-21
312,312,+4ouu5qnR3/2FqeVDVnwFg==,8S7KJDpmqRjs6cmN7UUY4A==,"18990 Ware Locks Suite 495, Christinashire, MO 19255",96806,Io/is5u+ORwPxFLO4AmbCw==,1997-05-09
313,313,9tb8lJZva6Zznvc6t+dyGQ==,Oywm+ktLiBgPoeQyIQ6Q4Q==,"64297 Allen Garden, East Kimberlychester, CA 40919",54029,51NNN7HzZ2+0lscnF9KkVg==,2000-09-01
314,314,rNxs2mW1xlXGR74DUHT5BQ==,YgO/YPR8d7aa4p1CEyMrTQ==,"0258 Eric Gardens Apt. 593, Port Jenniferland, GA 21970",01306,dqROtQMnRZSYz5ZAXaXklg==,1995-03-15
315,315,QUlBQV4+6tXIfOF/RY26Ag==,XL+zaMM1B8d7uOFdsIAc2w==,"552 Richard Flats, North Zacharyborough, CA 49610",53758,BFWqFFMp9Mc2wD2EzmWQog==,1999-09-04
316,316,CL/SyoaNnB6WRJykkWN3Jw==,4vxw9fohleiqIybYRLry5w==,"3369 Andrea Court Suite 408, Tuckerport, NE 50361",34299,rszukS4X0hLZnEktrgrK6w==,2001-09-10
317,317,NtCg4VsrhbVjeGuW1u/ufQ==,gLuYytGjZI0Swzqr3u6EQw==,"USCGC Williams, FPO AP 26733",55712,/KI3UKzPIkxsD4txKQYagg==,1995-08-05
318,318,cp5x4lzLvV39iwNiMinnNw==,aIOmz2RhW2ZLEE/u8sTUTg==,"513 William Drive, East Patriciafort, MS 18873",80808,s2g8X4o9vK78+6vdDNDLvQ==,1995-05-24
319,319,EyYFsp8NEefKzemFKntBsw==,tyizlUNv6X4CG0qoDxdM2g==,"71110 Jillian Throughway Apt. 505, Lake Christopher, SC 66613",69601,mUG34Q1GuxwIZzKuUbv/IA==,2004-09-01
320,320,vpei/Z7YxK4o2OCxKvLecw==,ZUNeg6xFH0LdjghOtp/hsw==,"157 Kevin Avenue, East Deborahchester, IA 62820",38479,f+hWHNCGdBkckqNjv9g3aw==,2000-12-15
321,321,XPIZL/z3ebMhdasNTsOzaw==,+mcIbcrbJw6nMA/hnu61pg==,"9844 Edwin Passage Apt. 762, West Jacobbury, WI 68924",27453,BX6RCqhfx/sdmVhBsg1d5g==,1999-08-22
322,322,xj7TJYeNZ8/Gz5FRZfDroA==,LIxp6LNWjt6j20JSyqM0bg==,"7560 Robert Viaduct Apt. 174, Angelaland, KY 09744",57841,ERXOSlnQhf4rVA7lFXqnPg==,1995-01-09
323,323,l2uBpNNbH/PizoPlTcmXpQ==,iD8MTZB/yZE+7YChEDCvCQ==,"441 Sarah Ports Apt. 588, Port Andrew, CT 84589",75652,c0m34VpuA+7YbmB2g2EUxQ==,1999-01-06
324,324,a18u7jVmvWrDK0DfISDYpQ==,2ENtFIs2L5MXrVt3NgEQYw==,"9964 Johnson Flat, Laurastad, NM 20734",03156,ONv8y71w/OTXXjNIwaBBtw==,2001-03-15
325,325,DbUcNNrl6uFyaMgjnMXfdA==,AMGgfE/4rzUI7gtzemJlDw==,"45329 Shelly Station, South Howard, DE 92712",47534,s52Kos/wGkp82vhn1B7lSQ==,2003-04-10
326,326,stuAOOxJfsXsSt6XWBr0qQ==,WOGlCYGOclEKvsj5OMDz1Q==,"9608 Donna Forks, North Amyfurt, NC 36711",74368,eOH3/A0x/RZ92K6gb0NaVQ==,1996-02-08
327,327,cumBAtYkYr8d5CaWQ/3KEQ==,rroRfufp3ETL6ZdXBEWuzg==,"4420 Elizabeth Village Suite 296, Michaelland, MO 79646",61327,qH1XpUOO8D4ghOQ/kgqnIQ==,2001-05-13
328,328,qjajM6ybg7xXzm783I+0ww==,c4AJ0LwWLfILWT5kMwAf4Q==,"1887 Hudson Estate Apt. 275, Aprilberg, IL 16024",82448,/0CKYPdJJ7Rv7wW1V02exQ==,1999-02-07
329,329,x41WdB9nhcTOwZkJTnxuyw==,SqwBl6Mpwdt/Z3OLPJ3y7w==,"PSC 9992, Box 7189, APO AE 80588",53512,XFL8h5aAPZPC1T3DP6K+9g==,2000-07-08
330,330,xDDvwFPkcUDHIz8ZBe+1Lw==,bngbZzwrP19AtKjPLadN+w==,"0596 Mills Roads Apt. 516, West Jeremyfurt, WY 94720",20488,FwWSSdDyV2ieX1nDguRlOA==,1996-01-19
331,331,4iKlsqOWHUxaGioOZXoZEw==,gLuYytGjZI0Swzqr3u6EQw==,"52813 Nathan Unions, Lake Ryanstad, FL 49167",90704,m/SgEW2IFQg+SD4PYP5CgA==,1998-04-19
332,332,kitWMUTWDW20I88QIod7XQ==,yoobEbmULaIlgMstXW/MOA==,"83553 Kristopher Bridge Suite 486, New Robertborough, NM 46943",32830,g78rOoQBLx39VyVpO/NOMw==,1997-04-10
333,333,Tj3vBu0Wt99HqaNiztoMlA==,ZUNeg6xFH0LdjghOtp/hsw==,"42406 Strickland Meadows, Port Johnbury, NE 10012",87872,qelUBYcckOaszEZUtrJQ/w==,1995-03-02
334,334,64tlMPiNOB0yYS39/55Sdw==,G4OLovlO7t8pBrBeNwzK1w==,"69752 Eric Port, Davisfort, VT 65066",51858,MPvab3RDNJ2pAMiligQZSg==,1995-04-23
335,335,kFfYdWQc/Ib4vMNFJOwRyw==,rCudF4zw1g/N45CHp2p4EA==,"74287 Matthew Summit, New Michelle, VA 45207",63717,h7kcGAuE2I+aolz317w+Aw==,2000-11-13
336,336,mIywYBfpYTeyfy5pnTyayg==,z9q2788WIF4ZDvveFNoyWA==,"Unit 5481 Box 7679, DPO AE 44707",72545,8IufBchlZoN0WDMzs17yGQ==,1996-07-29
337,337,HTKq5A4DXErqiebaXUrIxA==,anRRQY/sZthg5WJvch+qbg==,"400 David Center, Michaelhaven, HI 09493",67804,VUxjaiLQuQeEprsNluQrCw==,1996-09-27
338,338,LhYrVKEd2plqeBceCVLN7w==,pUURkxj4kqpN8FH0VnWjLg==,"320 Norris Extension Apt. 736, Port Brucemouth, UT 77903",45216,gdyQeX/DbOQdc9W3z93gCQ==,1996-03-06
339,339,lN2f6JFvdIBuliR71Ez0TQ==,QevjaPL6Nyaz87BwwPyNDw==,"4753 Hancock Station, New Joseph, MA 63517",41308,Dl6aiUwUCRNzX/Yfm5UFsg==,2001-06-21
340,340,FDZ3nOB9OHcIFhLPUIPVZA==,5qUEg+1DL3T69Nsv9Rm2Qg==,"USCGC Salinas, FPO AE 87829",11752,OqpZeUORlRdOqKA+a21aDw==,2002-09-23
341,341,u3M4mXK1/c0uwa7zps4hOw==,z9q2788WIF4ZDvveFNoyWA==,"46020 Vincent Ville, North Joseph, AZ 28943",07685,PXe6bbS2UDuD6o346mbCgw==,2001-01-29
342,342,U4j4c2idpI8L/KMP3CG39w==,dQzi2/y6C/0YSkMe2E7AFQ==,"Unit 1511 Box 8744, DPO AP 35145",54767,kVMsgRtvOBaKprLo048xug==,2000-02-12
343,343,NtCg4VsrhbVjeGuW1u/ufQ==,8yXraWlZsjiFa8J5HMhVAQ==,"PSC 5629, Box 6081, APO AA 80584",36946,lodvjy14FwgzLyGDC8EtzQ==,1996-12-04
344,344,P1Fia4KLTrg8qkpnu5Mjyw==,fc26O2dN1KJh8RGxbVJvMw==,"646 Owens Skyway Suite 661, New Michael, GA 16474",07221,auvnxDZgGrflz27DQRw37A==,2002-05-30
345,345,7i/O3bltVduhBrQjGB4Grw==,2rsvLbMOFmlgai9DDubjhQ==,"828 Adam Branch Apt. 394, Shannonfurt, RI 65627",55880,Hr5oqUdGLmE11OKQQUneXA==,2004-08-22
346,346,BSTQrA5GN2fvJBOyGFmZng==,LcT6rI3F5SdL3nGK3e+4ag==,"1867 Melanie Mall Suite 118, Loriville, WV 96196",11752,oIzPi/0/nHg9+DkpwDHWhA==,1997-03-27
347,347,slWIBqUt6qTurs4iJzvUEg==,S/p7/zDAbgYZCJKzgTCSOA==,"59131 Adkins Villages Suite 772, East Debbiestad, OH 29172",14741,qsQczUQRnAf/+DF/ajECtQ==,1997-07-19
348,348,vGluCQ99v1/6Wk7aGsedCg==,cmfivJCBxytQH4uQs5LRtg==,"Unit 7551 Box 1477, DPO AP 72450",65842,qXupEnuradMk8aVidf1tbQ==,2001-12-21
349,349,TAv0hWM2d46qLOkAwzb96Q==,qZk6lQSAGV1KVhWQvdpDAQ==,"961 Michael Brook Suite 751, Homouth, ND 27551",05142,ZEEWp/doAhCdMFSKxl5q5Q==,1997-02-12
350,350,DJpRGbC5ZbjYJ5lwsxmyZw==,1aZPIf28VYxpiz+Owupj7Q==,"91184 Jessica Squares Suite 736, Shannonview, AK 99828",92716,0Lwdc9B4XgmFDigqbyHYXQ==,2000-06-25
351,351,62tHSC790e3GXJAG8CF63Q==,b25mKJ4Y7Vq+kOiCZJP1XA==,"22979 Davis Underpass, New Joyce, NY 77711",07460,WK4uqpVv5vhVugyYZNunkw==,2004-03-25
352,352,3CsmEoTtdaOXn7FsYRXa7Q==,dQzi2/y6C/0YSkMe2E7AFQ==,"3606 Javier Green, New Madisonport, WA 67511",15797,Z8Mrh7UMNEOr6b0ahZaz0A==,2000-11-14
353,353,aV+QfueRYKVD8rGIHLaQIw==,PYFpryHiWQJIYYQTaKUhoA==,"92810 Barker Ford Suite 555, New Lawrence, GA 57830",67650,OhtTUFuXi381Dos9hcAigQ==,1999-07-12
354,354,VHkniBqCM8pSJutVH8kG5Q==,1HM3wsZImm6L7Amd/c3PvQ==,"3980 Kathryn Corners Suite 794, East Rebecca, AL 26403",46392,KHhQUDwxfBC3iY7Pa/Hf9Q==,1998-11-11
355,355,hKqPSJ5KRPvFZfu3UHP+WA==,P9QWWeEARZ/yfmec3cknrQ==,"8499 Richard Walks Apt. 537, West Kevin, IN 86745",55462,u4yMXDsEcCT7ZS9N2ujSyg==,2003-03-07
356,356,kFfYdWQc/Ib4vMNFJOwRyw==,P5ON6VAanipV3E/pxmaJJg==,"492 Grant Prairie Suite 141, Perezmouth, MN 62058",21118,58EYsbm41JJdzLnz6EfOAQ==,2001-07-30
357,357,Qt+f46akIel07ycNL66MAg==,CKSUP8jGSQAHRtdqTQvGdQ==,"11057 Hopkins Alley Apt. 868, Cantrellville, OK 62120",36855,pBiGs9K66K3tJxcR8k3b+Q==,1998-09-17
358,358,XBWri7jlbchX8+jC7qFfJg==,65WwQKNXLRsUMvB733X2gA==,"609 Lopez Common Apt. 396, South Melissamouth, FL 50412",98045,nkvtxzY5gEpKbNBQogZYDg==,2000-08-12
359,359,4qthc50lfNITrYuCC5a2/Q==,HZoCLoEaSBJAdEujbpHeHg==,"829 Carla Camp Suite 146, East Claudia, AK 46136",08724,CfIxm1jysLbj1xSZIjZzEg==,2002-05-16
360,360,VxVfP3Jr32qQR1Sq4wprAg==,aA2JGoBcYCkkcOZLWeir+A==,"PSC 1676, Box 6812, APO AP 62018",73417,TMISeUN5ojjR6TqRkxkOFw==,2001-12-01
361,361,V7lTaYxEFkEL4/HzivhHUQ==,UJzjjltYbbmpBYm05eDcCw==,"558 Seth Well, Alexanderport, NV 93347",01958,A/pboMq68et2lxpFFNrcSA==,1998-04-24
362,362,B7IUM0jGbJsr4Mic5VZYRA==,F6F/0scLa3BtKCOW+x0QsA==,"590 Blankenship Inlet, East Ernest, NH 68595",97164,e3onRyTGiGohu6uBrKQIMw==,2003-04-26
363,363,7i/O3bltVduhBrQjGB4Grw==,DBLcNCOJN64SLrauYsKsgQ==,"Unit 7452 Box 8040, DPO AA 96611",62918,nP5wCWZNyp63evm0Z0B9fQ==,2003-08-24
364,364,VxVfP3Jr32qQR1Sq4wprAg==,1aZPIf28VYxpiz+Owupj7Q==,"28007 Pamela Orchard, North Christopherside, TX 22931",93748,Nkrx+pUvL+ANztEYdV9TSQ==,2000-08-19
365,365,Wu78sl2rzGn/pSBKgYoIsg==,+D3hUzhJForipcJ4a5GB3w==,"27497 Shannon Club, Johnsonview, KS 65604",18255,DUsouPTncMquGWAn2ZbbPA==,1995-03-16
366,366,YKVLc0jBHTEC+qcHtA0c1Q==,m/1pDebgJqCnlhobmcEVgA==,"71644 Copeland Path, Apriltown, IL 98136",66324,eG+zWlNvR4gsEFBXoPL1Jw==,2003-11-17
367,367,5Owec+DZhYrd+JS4s3ZdsA==,KGeY8AQGyaN/mlQKKNLwlQ==,"743 Laura Mission, West Thomasport, PA 68505",62475,kta7eiGbfl0pDyTEV+yOwA==,1998-03-04
368,368,xDDvwFPkcUDHIz8ZBe+1Lw==,ZPJLSnsNJs4rxpCjMkpdNw==,"20170 Jose Extension Suite 380, Heidiside, MI 31286",89968,8U3h/5EfuMDJAOtyOJZ+Yg==,1998-04-01
369,369,7i/O3bltVduhBrQjGB4Grw==,GrCbmHYW4fYsVuSf7Q6JuQ==,"8739 Blake Plaza Suite 434, New Josephland, MD 28369",52909,yc5so5Np0Lacpntwj+ic1g==,2002-11-17
370,370,c4AJ0LwWLfILWT5kMwAf4Q==,omNa9TxvEL8XG6QDWdozBQ==,"17754 Jason Mill Apt. 868, Hernandezmouth, TX 07624",16518,/VoM/ox4a7NhS95KJ/uktA==,1999-06-03
371,371,0Xf2mz5Y0zk9jeLtPy/1vw==,9ZF8rb/Y80qC+N5Zkn48FA==,"01331 Victor Villages, Maciasview, VA 75574",48462,NcPWFT0CXklfiGq66D6GKg==,1995-10-17
372,372,kOOz3auOxdxPMmZrxGts9A==,/RRxqiYyOr8u722sI7PKtw==,"3569 Rosario Tunnel, West Melissa, ND 12572",54631,+CQ8stnRZiC/S1ANR8CYsQ==,2004-08-09
373,373,Wu78sl2rzGn/pSBKgYoIsg==,AsedX7ZjGl+GHBLqGBdSCg==,"8677 Taylor Turnpike Apt. 564, Jonesmouth, IL 92370",23057,n/ejB+Fy7YIZzYNrRe3hdg==,1999-02-23
374,374,rZ1uNByqwDPw8cpZ6/2B9A==,BHGLMEe83or6EoFjzojm3g==,"922 Franklin Landing Suite 464, Rachaelburgh, MA 52562",06331,XBOnIPOwfpAVLGgqaUggqw==,2003-08-21
375,375,qjajM6ybg7xXzm783I+0ww==,ZDU/b2vC5JWOc0+WeV4SVA==,"78987 Gonzales Rue, Port Lauren, SD 63684",16280,td2+q4dMI7D/kLjM1PoGlw==,1997-08-25
376,376,bTp4VB4kkXArvA+HejfpFw==,1sCuNsKudfW/XZbFqdZ0ZA==,"5209 Clark Parkway Apt. 936, North Jennifershire, NH 22834",81661,CiUMZETzAKXpUOBKJDv7JA==,2002-07-28
377,377,kitWMUTWDW20I88QIod7XQ==,SZy2Rna8MTa9fuFnkF9flw==,"USS Duncan, FPO AA 26369",01866,mY4StKYuXJDN+jM8w8+iuA==,1996-06-26
378,378,Tj3vBu0Wt99HqaNiztoMlA==,y4DypF6YRejodrGHdEu6CQ==,"1775 Shelton Pine Apt. 446, Jennifermouth, WI 94859",15162,txLvfmlwlxvAyHzapeM9yA==,1998-03-01
379,379,EyYFsp8NEefKzemFKntBsw==,sgdkngiJt612rDj/QpDcoQ==,"825 James Harbor Apt. 929, Johnsonberg, WA 79331",13555,JHYzv0AA4G0PHWrwVTHWjg==,1999-02-20
380,380,UQDIynjF5gemeyXzgmniDg==,BYifauCkwL4ctY5jcDtEkw==,"3478 Ross Radial, New Dawn, DC 20079",32690,/yhCP5xvRyvcE0XRA2Bu6w==,2001-05-16
381,381,FDZ3nOB9OHcIFhLPUIPVZA==,k6G5KLbutKzs8nI9HfEkhw==,"8617 Joel Knolls Suite 370, East Rebeccahaven, CO 12912",59617,DNeutT5JmgpKnx3CKJGb3Q==,2001-07-19
382,382,VxVfP3Jr32qQR1Sq4wprAg==,Kh0VW3VTR11X4et8sBOoXw==,"PSC 0478, Box 9348, APO AA 38078",03125,iUZVfWd3NGsLm2s+0wjUrQ==,2001-10-21
383,383,c4AJ0LwWLfILWT5kMwAf4Q==,rOj5aBA6Jrm0CioGhWmXDg==,"280 Marissa Rue Apt. 797, Vazquezhaven, UT 60199",67632,Dxju6xXFnmJ//dxVF/jUUg==,1994-11-23
384,384,VHkniBqCM8pSJutVH8kG5Q==,LcT6rI3F5SdL3nGK3e+4ag==,"21112 Roach Views Suite 964, Lake Christopher, PA 29242",56512,oiKgyNHXOTCkojklXOJ2Bw==,1998-10-09
385,385,mOajh4whVHOdGPNMAz8YQw==,kTyMD5iIR9zFn/862O+Rgw==,"4608 Robinson Gardens, Rodriguezborough, DC 04091",04878,gl89pne2j9x6pBhVSJu4Og==,2002-07-12
386,386,P1Fia4KLTrg8qkpnu5Mjyw==,1aZPIf28VYxpiz+Owupj7Q==,"64499 Rebekah Trafficway, South Christopher, ME 27481",53214,hxRwpdMUxNUn3oAiYwmKrw==,1995-08-01
387,387,8AvbwSLhDT1gnKsuR6zswg==,PJDAM5yl/a7vVKtGAbroog==,"PSC 8760, Box 7033, APO AE 57185",82429,vxZY25aNJwk4E2oed2D++w==,2004-08-30
388,388,YxE16Wv0APuL/PcZEXI/XA==,PJmo3fsm1aPMP317ycJKcg==,"674 Miller Burg, Jessicafurt, NY 51389",50913,wfzdMHBuLGin2XmauRnTuA==,1995-04-12
389,389,y79bvRTTytROEru24Ennew==,IDs6iPIGvECJksymoNUZdA==,"6188 Shepherd Burgs, Eileenchester, IN 27306",77764,l0CwRkTl39t6yS+dm/tdjg==,1996-07-29
390,390,Lh8kaNDNg1SOjIFC8tzqTA==,jC3m3lTX8BXc9Bzs/2BkrQ==,"441 Hamilton Creek, Powersburgh, CA 19026",02618,WVIERsa0xK65g8+bKQ5frA==,2001-08-30
391,391,4qthc50lfNITrYuCC5a2/Q==,pxL6TwFisMwzjOYp/52M4g==,"689 Roberts Cliff, Hollystad, ND 49206",22681,qg/xmU5360Lffv1MoF5y9w==,2000-02-02
392,392,b39gQNHYXRe8A1ppVYzjSQ==,CnS6hpJa/pbN2MGKHiXQqg==,"2704 Ray Inlet, Marksmouth, CT 14975",72534,UtKoINzLP9r+uSMx/K4jsA==,2001-02-06
393,393,JVwqDO31U04rRZDQD5hPIQ==,5Owec+DZhYrd+JS4s3ZdsA==,"5036 Carroll Locks, East Alexishaven, MA 53102",56787,74bvvHloIB02zYLlxrAz3g==,1996-03-28
394,394,D8jGiEazFE+Zts8VHBwXQg==,gQAMItUjNVefuMhQTFMGog==,"PSC 7610, Box 0062, APO AP 75450",70966,sRwazs3oM3VOvW1YjqQF9Q==,1999-03-20
395,395,tEWy49EAti00oO9LpzxX9A==,eiNai6L6+yiPmLwJOQQ9vA==,"6320 Chavez Mountains, South Larryview, ID 90456",73134,gmq5VMUPmu0jGJ3LyMuUSg==,1997-02-06
396,396,4qthc50lfNITrYuCC5a2/Q==,xkT6zcchfnBKHmdMTsREAA==,"131 Trevor Glen, New Brittany, SC 06814",60872,d2q8IbYsHz/RpnKzdu35hQ==,1995-09-23
397,397,kFfYdWQc/Ib4vMNFJOwRyw==,gLuYytGjZI0Swzqr3u6EQw==,"4276 Matthew Ford, Hallport, MI 04042",23931,G7s7gz3ew8l8nXn7QVT1nQ==,2001-07-07
398,398,LUoyiQfpoBIjm00Kb+eV5w==,GDzrLoKO4SJ2Q7hkLPyzIg==,"4367 Herring Grove Suite 824, Robertshire, LA 21967",81740,hkSClJd0KiO12AA598JjEQ==,1998-05-19
399,399,cL45uujmetOj0GzLdfVCaw==,GDzrLoKO4SJ2Q7hkLPyzIg==,"161 Kimberly Center, Dawsonview, OK 13624",56207,lNFuzd+rsg9z69Ds3ie/sg==,1996-04-06
400,400,q/ljoMdzMeL18cpabV5SNQ==,iKj6/qq/mpAWV4Eik4y3uQ==,"859 David Corners, New Anaburgh, HI 37718",55325,gfXcoWhPYmHX5dNUD5/ZBw==,2003-01-05
401,401,XyH/KT3eduRTpSxzSTDnHA==,hf/G1Yil1EtrXktBgsK/VQ==,"2419 Kenneth Cliff, South Jon, AL 17969",96381,p9rfxAqAi5GfG+5mHbKiDA==,2000-07-03
402,402,0Xf2mz5Y0zk9jeLtPy/1vw==,YffMZxNV5+DH7wbWPc17iQ==,"6260 Tina Place Suite 798, Williamtown, OH 10171",14508,t2Vewpn0YiptRjsbOD2nnQ==,1997-10-12
403,403,8vl/P3rn0P+YwfvmwENUnA==,5oAoCa0Xeqwm4kYlN7QMcg==,"6125 Edwards Fords Suite 744, Danielport, CT 40456",08061,J2VKpVU0oo8Xl2JfONJz+A==,2000-06-20
404,404,VxVfP3Jr32qQR1Sq4wprAg==,L1oO/zhZCD1j5c9UFOzk6g==,"1000 Hernandez Keys Suite 388, Burnsmouth, NE 65808",55069,RMhB8KbPZkrHKQz5JkqrgA==,1999-04-29
405,405,s7A21//+ZvxwOaw3KUISkw==,2PSMmUNadzNh1eiVBxvF8w==,"212 Santiago Turnpike, Wellsborough, NM 45985",63890,9FvrNGuZItOuWNRRfSPKAg==,1995-08-18
406,406,VxVfP3Jr32qQR1Sq4wprAg==,661frNTsh2W8LGSB4FMQqg==,"USCGC Rose, FPO AA 21350",39542,ntQg8nXEb3QQMFLuDfkG9w==,2001-08-08
407,407,64tlMPiNOB0yYS39/55Sdw==,s05PVzDTe26YhWOPgri+cA==,"1318 George Circle Suite 360, West William, CA 45721",03152,qci/a48EhDRN3x0tn5ykoQ==,1996-03-14
408,408,hP8r8bLk/AvUEenBOIlL+Q==,yWAbRWz8Ciq+XvrSx+nVoA==,"41340 Emily Trafficway, Carpentertown, SC 60934",86174,KxHFSwcjryPRW76w98bX3g==,1999-02-25
409,409,slWIBqUt6qTurs4iJzvUEg==,2NSjmNpg25Z5sK5oB/lDIA==,"04411 Gill Meadows Suite 190, Lake Matthew, MT 84237",28884,7uT73cupxuTaPV6niHckqA==,2001-10-22
410,410,c4AJ0LwWLfILWT5kMwAf4Q==,RRoX4y4lLkWEK16X31YAXA==,"184 Trujillo Crest Suite 817, East Emily, NM 26148",93500,GkE6Fv6OTcV/rjNKOefzYg==,1996-09-15
411,411,9LeqJ/8c5KKAd5YWoqqIGQ==,s05PVzDTe26YhWOPgri+cA==,"3666 Beth Drives, Bullockborough, CO 69699",69991,/wvw9mQX18FbtKhSpQeUkg==,1999-11-13
412,412,VUfvqjk0FKyNkS2EHOyjaw==,16XWccQE/8TVrw7VCEeZMQ==,"095 Jose Terrace Suite 840, Port Jon, DE 70730",29698,IjEoN9iItvXByYA4PGkVMQ==,2003-04-11
413,413,T2FJNL+dnQWUJ1+mYLOi9A==,EvPMB3EdAXIVdGtoNexT3Q==,"517 Dennis Inlet, South David, FL 84981",56345,iRxFy83KFJOxD9rh70gO6w==,1997-03-13
414,414,l2uBpNNbH/PizoPlTcmXpQ==,GrCbmHYW4fYsVuSf7Q6JuQ==,"Unit 6262 Box 0532, DPO AP 94894",38536,IijOV3jdJvGudy1u04lAPA==,1995-11-13
415,415,qHArpyVjIkV19tuTU9ZWIg==,AUBl2dkftkPdmP960acdpg==,"646 Lewis Canyon, Juliabury, LA 80743",50542,NDBROCu1zb967hA6Sa2niQ==,2002-05-26
416,416,mIywYBfpYTeyfy5pnTyayg==,0FIXKAgGt8rQ6vhHvl5IKQ==,"907 Martin Islands, Charlesfort, UT 85638",95634,vvd183Ok00Dp/RN3Mo2m4Q==,1997-06-14
417,417,iD3QlTTcQC/aVZnbz2oHzA==,VB3a5wOVKT+AoexoGTRLzw==,"674 Melinda Radial, Glennland, CO 96455",53957,gQl1NCBW9BLKXf8wzmqtUg==,1995-11-20
418,418,EyYFsp8NEefKzemFKntBsw==,m/1pDebgJqCnlhobmcEVgA==,"5528 Anderson Inlet, East Austinport, NV 88523",42518,IW5B5UVT7H2lyCtPnrAPJg==,1997-02-05
419,419,bTNc5302qdkElSxVKfrhbA==,vPc0n8FKsAqaZp6bRT+cTA==,"6623 Brian Stravenue, New Alison, WI 00513",83020,AUjHE365hIxfFRQLCnWoFQ==,2004-01-12
420,420,Mi04P0TicMIUWkLkJXVSlw==,Rhz7FsnGLXsvDSJdBvIAqA==,"448 Castro Mountain Apt. 435, Parkstad, DE 34638",92147,7poTv22ewE2JY2wUIKYR0Q==,2000-01-20
421,421,YZ6LWczmJYSVSmMqgzcrNg==,rvOEiqYBV1s1KJoaTdGukQ==,"95069 Olivia Ports, Port Kellyfort, CA 81493",59281,1jOShh+LoXh2nMeYO9rVGQ==,2002-10-17
422,422,b39gQNHYXRe8A1ppVYzjSQ==,y+7bxaAEQApsLlAYacm/5A==,"278 Sonya Branch, Silvaland, ID 37718",00748,EoVoqGH32sdH0SS5yo0W0A==,2002-04-21
423,423,i/14wA3ZCHbYfbIMpp5cPQ==,WY2+C+uHhDfvprMRmWaXNg==,"1703 Conway Overpass, Rodriguezbury, TX 69404",38625,xhlPgmrrNHUAzwwR+TJGgA==,2003-11-24
424,424,aidROSPDRPYU7fgVG31YCg==,65WwQKNXLRsUMvB733X2gA==,"3750 Ray Square Apt. 834, East Ronald, ND 04645",93153,SVtKADhajXpUXrnEFc9s3A==,1997-03-09
425,425,qjajM6ybg7xXzm783I+0ww==,8yXraWlZsjiFa8J5HMhVAQ==,"048 Cassandra Brook Apt. 690, East Harold, MN 72718",70005,GRcjS3dRmzN4L0fujeMY5g==,2000-11-28
426,426,Dq0UMIX9BvRv/WoMMaqyug==,1EPD4cpYz7wMIJiswUJegg==,"448 Little Ridge, New Matthew, TN 66555",08370,ESdKk3y3duvKx3xBHWVHCg==,1997-01-18
427,427,cPLpmSy23XcUtk8Ra5xArg==,51+Ajin1D64yh6r8zvEvlg==,"4034 Austin Mill Apt. 242, West Tiffanystad, DE 87133",46585,P7X2wj38Luu+rCIaX3qxTw==,1996-12-25
428,428,YEzgfZ9Ag8S3UgSjn2X4Qg==,L1oO/zhZCD1j5c9UFOzk6g==,"02746 Denise Oval Suite 158, West Greg, NM 22221",02744,ktvAftKfw6YhWsjiIpcelQ==,2003-10-19
429,429,TAv0hWM2d46qLOkAwzb96Q==,dQzi2/y6C/0YSkMe2E7AFQ==,"2886 Logan Shore, New Bobby, OR 20948",61492,b8EHDWYI/Q4XzCtXPxF+3g==,2001-01-22
430,430,/KS12IAUkoyvKyWzMhaJkg==,z9q2788WIF4ZDvveFNoyWA==,"6556 Smith Throughway, Smithfort, AL 70670",41277,soOXfAQTmP45eyhNba4iCA==,2004-06-29
431,431,oVA7r6APCoUsc/6cePOuaA==,hdmeeZagGFle2yvCRWH0DA==,"19330 Hernandez Turnpike Apt. 419, West Matthew, KS 92207",95959,x3ABrAi79QLRd43PGvzrgQ==,2003-05-21
432,432,Oz0fl7laKUaXWFtOM3cZpw==,YgO/YPR8d7aa4p1CEyMrTQ==,"USS Mathis, FPO AE 61419",26988,VpCQTgt4uL1DQshSzkkA4Q==,1995-09-03
433,433,nBALA82IUCefb35Fo2VoCg==,5Owec+DZhYrd+JS4s3ZdsA==,"464 Matthew Harbor Apt. 900, Christopherfurt, MO 18906",80432,AYgVPHrbF58c93iiBVKs+g==,2003-10-30
434,434,KG7C3zSdQYkjhPTQqz+Reg==,XMwBDwRqzKiLByZp3TqpMw==,"0481 Loretta Turnpike, Lindseystad, KY 18296",04384,0OHQN+UUoIHyhga0/QdmVA==,1997-10-06
435,435,NtCg4VsrhbVjeGuW1u/ufQ==,TsxH0hY0Up71os191SgxrQ==,"5158 King Route, Leefurt, MA 17057",54119,Mw7PHdymRK4TLBrJhK2MSg==,1995-06-01
436,436,MKolDYeQTeExoeH613vZug==,DXoex9UL/3hPSwOFFzJGIw==,"9540 Jackson Trafficway, Cantuburgh, DE 63992",24614,Q3ij6KTtNIXdCcCTrJ4bxQ==,1997-02-08
437,437,OHJxz77T1frsRIFrOoS14Q==,NzWYMy+eHXBH+Rc7wz5Lww==,"554 Michael Tunnel, Christopherburgh, CO 81708",86633,rRo5FvHRY6jW6SXl1+EX3w==,2000-09-18
438,438,EyYFsp8NEefKzemFKntBsw==,9M+ejSJXIgy6Kqh0eVqbXQ==,"5597 Monique Orchard Apt. 952, New Markchester, IN 03977",46285,Ajnnc6pL5KKwjXDoXxKpow==,2000-02-19
439,439,b7QJtm1ht/Q+Z8QEAxI4Xg==,mth6V9ymoWHEX+AnS6UKrA==,"PSC 1798, Box 9334, APO AE 96545",55853,U0onQE+/3ncM4LYpv6gRYQ==,2002-05-02
440,440,7i/O3bltVduhBrQjGB4Grw==,egeC5rmPnR/kR42SOqnrKg==,"986 Denise Branch Suite 341, Nicoleport, CA 92425",32297,qM/B99NyLro+bPJI9PM6aQ==,2000-07-15
441,441,yZRbx5OThl5pk486+EwfrA==,dQzi2/y6C/0YSkMe2E7AFQ==,"25645 Harvey Square Apt. 189, New Sheri, IL 18501",59847,q2JQwIYSvS3eA/qCrunxvw==,1995-10-01
442,442,Lh8kaNDNg1SOjIFC8tzqTA==,NnHJx8LRPQTPdWynbVdLag==,"2283 Johnson Stream, Christinaport, UT 25057",36324,ACGHT/0lEViMHHQ5FxG+Nw==,2001-12-18
443,443,WPJiHGpq54Q1L9O0/V6+aQ==,H8rfxtq1mM5OLaLTVX10Bg==,"558 Tucker Fork Apt. 394, Kennethfurt, CO 26904",83083,KkZtURzuZAeAa6/1/qFblg==,2004-05-06
444,444,VHkniBqCM8pSJutVH8kG5Q==,u3M4mXK1/c0uwa7zps4hOw==,"51021 Erin Lights, Larsenberg, VT 57479",46691,up8LNHIKPpDC9xLzPI4P7g==,2002-02-20
445,445,VHkniBqCM8pSJutVH8kG5Q==,QevjaPL6Nyaz87BwwPyNDw==,"249 Acevedo Estates, West Hayleychester, AK 68469",91534,7uBWo28V/GRZFzeTjYCp4A==,2004-07-07
446,446,hJv4y2FQ62Gy9pk1UMptqw==,NHWKxpRqx3R010r4FB1g9Q==,"040 Brenda Lock Apt. 515, Alexandraview, DC 85143",68775,e77qY4fhUi303oMlu6HS9A==,1997-01-18
447,447,31mx4D+FvR2q0+YLt6a2Yw==,17jENkdwlmSTM8jOCWiMKQ==,"52524 Kirby Via Apt. 827, Lake Ashley, HI 90655",38254,nr0a3YBikYu1SeCBVuPISQ==,1994-11-12
448,448,sE4lfNIVwjn/nHkRoE3DTA==,ZUNeg6xFH0LdjghOtp/hsw==,"9015 Campbell Villages, Lake Jennifer, DE 96434",50323,mf1V8W8PjxXCMVXHujErNw==,1999-10-04
449,449,l+YaDIgL2np7/E+B2rOmZw==,SZaGm+JgK71Pn7oTTW79aw==,"4235 Chang Island, West Peter, MN 49698",59041,CyhyRV/p45DiAUg5aKwIAw==,2000-02-14
450,450,dzLfN+eTD2FLNi4ie+jdEg==,dHy9IdrBgaz1v+mbyS2Zwg==,"39057 Amy Neck Suite 912, West Virginiaberg, DC 40563",69494,27VAYnxsp1g0ESGd+P7emg==,1995-01-04
451,451,64tlMPiNOB0yYS39/55Sdw==,ZDU/b2vC5JWOc0+WeV4SVA==,"661 Miguel Park, East Christian, MI 71384",07692,SVE0+3eAwlf7i9kXR/uLIQ==,1997-06-17
452,452,kviqDLDzFdcZ2Dlq/B87eA==,zaAS4nmwt0RXeXAfZPBUHg==,"49468 William Streets Apt. 797, Lauraside, KY 88620",09432,EkLdLt6/viLO3+A1XicXgg==,2002-04-28
453,453,stuAOOxJfsXsSt6XWBr0qQ==,AjlrbJ0BI+fsCW6J7RTk9w==,"3196 Rodney Groves Apt. 899, Dominguezport, KS 27153",20630,rgJ1qMeJTERTH3gXs2OoyQ==,1996-06-06
454,454,MKolDYeQTeExoeH613vZug==,P5ON6VAanipV3E/pxmaJJg==,"3908 Rickey Estate, Port Williamville, IL 55941",32284,H1yZj9y5gzYuUb69Z2WliQ==,2001-02-03
455,455,V7lTaYxEFkEL4/HzivhHUQ==,iJXg2yFZxfnhGpnTWBB4zw==,"76210 Faulkner Pine, Cynthiamouth, HI 40433",51280,VFaG02e1bTWMYVAgaHiVoQ==,1997-07-23
456,456,kFfYdWQc/Ib4vMNFJOwRyw==,puazlVAXSQ+Fni78DnoK7g==,"8325 Nancy Ranch, New Steveshire, LA 25617",63370,1Rhz42j3LgVvrjk2H/2mVw==,2003-08-03
457,457,Rs/gW8QbgYI0wwhqqPuXYg==,jPO80K0GDNhYuTnlb4ntIw==,"027 Prince Manor Apt. 401, New Shelbytown, ME 47489",62131,YrD3qAhVsJgE9GJm5n05jg==,1998-04-27
458,458,LqVTcVWVSgrzhBogg5JbJQ==,73k2leA++BlSSyuIBROPBQ==,"65566 Brady Ridge Apt. 310, Alvarezside, WY 70887",66490,FsbOKn6a5KiS5ILrYY8odg==,1997-04-15
459,459,6peCeIOffq6jQJ8FZYZKdw==,g2pE1Cnx7OHxRhjf9KZM1A==,"6450 Alan Expressway Apt. 407, Josephfort, WI 83937",11653,s5gij/LLM51x8FF7RsAclQ==,1997-05-16
460,460,i8+atzL/kQBo5wK/A9cQOA==,nqwx13Br8ogInS2fR8obfg==,"208 Davis Lake, Nathanielshire, AZ 57259",04822,lRid79Pso8+ylpAcJrhpkQ==,2004-10-13
461,461,MmPK1lwZKulp1cI6ScwbLg==,ZUNeg6xFH0LdjghOtp/hsw==,"2186 John Park Apt. 817, West Charlotte, UT 11777",14242,4vieJcO77IvEMsEIchNhvw==,2001-06-22
462,462,kPPoM4hZe2UtgmOR43GL4g==,1aZPIf28VYxpiz+Owupj7Q==,"225 Phyllis Plains, Olivermouth, CO 31000",77521,dsZDdYMwarv97Fd+xUITpA==,1997-09-08
463,463,XucWgBlEZuEgR9E3HcaQBQ==,SMxBfKPTUe72xxjmLx53cw==,"58320 Megan Rapid Apt. 840, North Beverlyfurt, DC 29548",25987,hRIPYd1reZPfGHMsvS2D8Q==,2000-11-29
464,464,rQMHyM3aDsP4qc+DBpEJdA==,qEP4Vrh2dbSBigBqd93Q5g==,"10129 Shelly Mountain Apt. 896, Bruceshire, NV 15051",16475,M0igEt9jMVhycfOG5X85vw==,1998-01-11
465,465,b25mKJ4Y7Vq+kOiCZJP1XA==,y4DypF6YRejodrGHdEu6CQ==,"1798 Hammond Roads, Wesleyton, SC 76366",87243,nS1dcjfOKW2RXv2EuUDHTA==,1997-08-19
466,466,1EkvI41gYgMGb4/IlXNr6w==,domcnAD8WPc0dM3QVld6Yw==,"38155 Thomas Plaza Apt. 891, Port Dean, TX 73670",16504,fiwItI7HHXAjrnEMJjCC/A==,2004-02-18
467,467,RVd9kowk5jlKH24BzzAYdA==,z9q2788WIF4ZDvveFNoyWA==,"82031 Lisa Vista Suite 451, East Elizabeth, RI 12937",94052,IDajE+teQ3t4xZGlSPilFQ==,2000-12-13
468,468,64tlMPiNOB0yYS39/55Sdw==,ruqUZjJWYsyA3ECr+2QL2g==,"9743 Shelton Gateway Apt. 192, New Brandymouth, WA 60077",87737,EEcl0rB+2igJN/TPVWQYDQ==,1995-02-12
469,469,m4GEytb5z8CSgbuAplFhLQ==,AGJiD1N2ghqAhC21m59QAA==,"92942 Carlos Ways Apt. 934, South Christopher, GA 52044",67353,uYsVmm4t1QwXck30OXxCJA==,1998-04-20
470,470,bFoMXzcr0P2ZNNwu1C76eQ==,jEML+bkX+EXXCA8O5BBbcg==,"33524 Nicholas Locks Suite 487, Peterfort, CA 89341",18491,T+ggNQjZOe+GpjmLI0oECg==,1997-08-14
471,471,y79bvRTTytROEru24Ennew==,TsxH0hY0Up71os191SgxrQ==,"9281 Ellis Terrace, North John, UT 17583",23993,2O991TTXddQ+6BGLSSqf+w==,2001-08-19
472,472,6peCeIOffq6jQJ8FZYZKdw==,H8rfxtq1mM5OLaLTVX10Bg==,"864 John Gateway, Debrashire, CA 78770",62887,3c1DfKQi4WffYfbQzJK5wg==,1996-01-11
473,473,Tj3vBu0Wt99HqaNiztoMlA==,KOs5DneYhQugFTusuEk2wg==,"405 Cynthia Motorway, Juanville, LA 55619",72013,MlcLulkJQMq/w+uLYnE3zg==,2004-07-18
474,474,i/14wA3ZCHbYfbIMpp5cPQ==,8AvbwSLhDT1gnKsuR6zswg==,"1478 Taylor Lane Apt. 803, Brendashire, ID 06732",67516,IHd4E/LaBwezSJOrLTwNPg==,1995-04-11
475,475,cPLpmSy23XcUtk8Ra5xArg==,P5ON6VAanipV3E/pxmaJJg==,"25415 James Summit, South Monica, NM 62658",09321,3FO0DhQ5bN10b8r5+j6g/g==,1998-09-04
476,476,JVoUm6hMXIBl/IXjb1z3nQ==,WTqgCGgjnbCC6jP+dWaUmA==,"320 Christopher Path Apt. 637, Garcialand, MD 16888",74817,fby5onFbyjyNKuLrq+w1Dw==,2004-06-29
477,477,l2uBpNNbH/PizoPlTcmXpQ==,IHukZ2ffYy9gqwrDrKnkng==,"032 Kristin Locks Suite 639, Morenoport, IA 83682",07401,7Ag/Fh+TaKtr9DHoijdzng==,2004-06-26
478,478,8AvbwSLhDT1gnKsuR6zswg==,5XbwHhTNj0osi7Y6qkDfOQ==,"59838 Stephen Camp, Allisonstad, LA 80230",99191,uRXuuknymdGWDyRbUW5E0A==,2002-02-18
479,479,cL45uujmetOj0GzLdfVCaw==,c2vnJPe07n0491CLab6Fig==,"5545 Jones Point, West Kristinetown, KS 36047",72677,Rdmo4hm7X2p4QSeuK2FuWQ==,2001-08-04
480,480,BG8AHUF/i3GL/m7CS8HZtA==,g0BU6oCUP8tppEG8f6Hxog==,"34606 Burch Stravenue, Kimberlybury, SD 94738",81945,QdIFbdol5zEFPY/gzOqjiQ==,2004-10-01
481,481,oXadIO8vkhLt/dumXGoCIg==,LT3JKxbb89C5dyfm5hFToQ==,"USNV Grant, FPO AA 40022",35988,+fv+ieBP6wGy5IxmsM7p9A==,1997-04-07
482,482,fYib+08TDoYqrtSFKyOFPg==,dLcQM1RTp39TPL9sTssEag==,"PSC 8721, Box 4079, APO AE 53735",29873,525uMqSIV0SNbzJdj/Of2w==,1995-02-07
483,483,0Xf2mz5Y0zk9jeLtPy/1vw==,mefB1CyTjelXQWlh7ux5yQ==,"862 King Vista, Sarahborough, DC 35600",55208,arTNppZx4WhEIKQAFdRBSw==,2003-01-19
484,484,dUIlVeE+mvggUNm/qMzAEg==,m/1pDebgJqCnlhobmcEVgA==,"9357 Ramirez Path, New Bonnie, ME 79601",02828,HSkem65j/TFfcqIjBtryCA==,1996-02-02
485,485,MKolDYeQTeExoeH613vZug==,2DcPKT68PzjG/+Y0eehIFw==,"PSC 8661, Box 4468, APO AP 22181",26267,iRUI+aeMZHBGnW0PdrOrXg==,1998-11-02
486,486,aidROSPDRPYU7fgVG31YCg==,tyizlUNv6X4CG0qoDxdM2g==,"828 Kevin Plaza, New Charlesside, NJ 78750",87029,A+Iz2oRhrrnb096v6Wj+Jw==,1996-07-21
487,487,Lh8kaNDNg1SOjIFC8tzqTA==,Rhz7FsnGLXsvDSJdBvIAqA==,"5387 Edwards Branch Apt. 925, Gutierrezchester, FL 83057",03822,FQwlwQiRb56JQ8Vof5MfHw==,2001-10-22
488,488,mOajh4whVHOdGPNMAz8YQw==,IAs9UNRiUbncMBaW8oBT2w==,"035 Ruiz Bridge, West Brianview, IN 98857",08984,kScmmaYkkNLXUc0cHgT0iw==,1998-10-19
489,489,/kL+QQhY/8stQXJQqci6Kw==,dQzi2/y6C/0YSkMe2E7AFQ==,"392 Gonzalez Mount Suite 374, Hutchinsontown, UT 23804",69995,QDCkwr382lVhsCaDoTSYuQ==,1995-07-26
490,490,5HVNmKX9RvZKiRVZch726g==,s3+aRfNVsgEWMgSSTIxJSg==,"5924 Felicia Forest Suite 411, Mosleyview, CA 63122",13379,aGyesTWMuaFSwaWodNUaRQ==,2003-02-28
491,491,kOOz3auOxdxPMmZrxGts9A==,W10fSl13OzBv+6+H0y8dkA==,"49390 Miranda Villages Suite 788, Lake Bryan, DC 95468",79519,dsJQDnRetNsQmEjVurtVCg==,2003-04-21
492,492,ToUNr5ptKhWlvLyDmITe5w==,PJDAM5yl/a7vVKtGAbroog==,"2817 Walter Corners Apt. 177, Robertmouth, MD 01198",84790,bJT+aN1qxz+oCQA8/XI5tw==,2002-07-04
493,493,FDZ3nOB9OHcIFhLPUIPVZA==,y4DypF6YRejodrGHdEu6CQ==,"389 Greene Lane Apt. 562, Lake Donnaland, NH 85295",54180,zHvYnj8XTb4azf/NOPiExg==,2000-02-05
494,494,FtX5OBIZyOFQvVN1UFIe8w==,S/p7/zDAbgYZCJKzgTCSOA==,"985 Timothy Stream Apt. 722, Dariusland, LA 97680",82973,vRt06hickVhUeGBrjRUf5Q==,2002-06-28
495,495,kOOz3auOxdxPMmZrxGts9A==,73k2leA++BlSSyuIBROPBQ==,"957 Salas Spur Apt. 289, Josephburgh, MA 73134",60874,5+h2CN1O+fWfpBBZp02kkA==,2004-06-23
496,496,FDZ3nOB9OHcIFhLPUIPVZA==,gCvy1u1IU31+f20YqxO+zg==,"97256 Martin Points Suite 994, South Teresaville, OK 56979",99442,k7W9rU0kg3jalH3/Kg9LEQ==,1998-10-15
497,497,c4AJ0LwWLfILWT5kMwAf4Q==,dnJHLLfBJ/ND0TkGjQkQ8w==,"Unit 1577 Box 7625, DPO AE 09427",62803,rYzZwe3TZ2TYi86ei11tnA==,1995-08-04
498,498,7i/O3bltVduhBrQjGB4Grw==,IHukZ2ffYy9gqwrDrKnkng==,"88620 Jones Manor, East Maryton, HI 69631",20489,g6y+J/QKUVjRFo/go5kN5A==,1996-07-18
499,499,VHkniBqCM8pSJutVH8kG5Q==,+gSgbuIIG6JF/l05t9CBqw==,"63030 Heather Route Suite 259, South Kaylaville, DE 50640",82048,I6KORxzqs3cD3UMBq7ta0g==,2002-07-06
500,500,kOOz3auOxdxPMmZrxGts9A==,w44TqtTBvUJryPE4fbbmnw==,"446 Christopher Mill Apt. 744, North Suzanneburgh, NV 99139",46204,f1FawIHujht4hXXP7lPLDg==,1995-09-08
